name,datetime,tempmax,tempmin,temp,feelslikemax,feelslikemin,feelslike,dew,humidity,precip,precipprob,precipcover,preciptype,snow,snowdepth,windgust,windspeed,winddir,sealevelpressure,cloudcover,visibility,solarradiation,solarenergy,uvindex,severerisk,sunrise,sunset,moonphase,conditions,description,icon,stations
"ABUJA, NIGERIA",2025-02-23,36,25,30.1,38.1,25,31,18.6,51.9,2.2,100,12.5,rain,0,0,18.1,8.1,253.7,1010.5,17.3,6.4,216.4,18.6,8,10,2025-02-23T06:46:21,2025-02-23T18:40:47,0.85,Rain,Clear conditions throughout the day with rain.,rain,"NIM00065125,65125099999,DNAA,65112599999,NII0000DNAA,remote"
"ABUJA, NIGERIA",2025-02-24,38,25,31.1,38.7,25,31.7,17.4,46.6,0,0,0,,0,0,10.7,6.9,263.7,1010.6,11.7,6.4,200.5,17.3,7,10,2025-02-24T06:45:58,2025-02-24T18:40:53,0.88,Clear,Clear conditions throughout the day.,clear-day,"NIM00065125,65125099999,DNAA,65112599999,NII0000DNAA,remote"
"ABUJA, NIGERIA",2025-02-25,38,24,31.1,37.7,24,30.9,14.7,39.1,0,0,0,,0,0,14.5,12.8,246.3,1011.1,12.4,6.4,271.8,23.7,9,10,2025-02-25T06:45:34,2025-02-25T18:40:57,0.92,Clear,Clear conditions throughout the day.,clear-day,"NIM00065125,65125099999,DNAA,65112599999,NII0000DNAA,remote"
"ABUJA, NIGERIA",2025-02-26,37,25,30.5,39.4,25,31.4,16.4,43.4,0,0,0,,0,0,19.9,11.4,117.2,1011.6,27.2,6.1,261.7,22.8,9,10,2025-02-26T06:45:10,2025-02-26T18:41:02,0.95,Partially cloudy,Partly cloudy throughout the day.,partly-cloudy-day,"NIM00065125,65125099999,DNAA,65112599999,NII0000DNAA,remote"
"ABUJA, NIGERIA",2025-02-27,36,23,29.4,38.9,23,30.1,17.7,52.7,9,100,4.17,rain,0,0,17.7,27.7,92.2,1012.1,26.5,5.7,258.3,22.2,9,10,2025-02-27T06:44:44,2025-02-27T18:41:06,0.98,"Rain, Partially cloudy",Partly cloudy throughout the day with late afternoon rain.,rain,"NIM00065125,65125099999,DNAA,65112599999,NII0000DNAA,remote"
"ABUJA, NIGERIA",2025-02-28,37.2,24,29.8,36.5,24,29.6,16.8,52,12,100,4.17,rain,0,0,15.7,8.1,34.4,1011,21.1,5.5,289.8,25,10,10,2025-02-28T06:44:19,2025-02-28T18:41:09,0,"Rain, Partially cloudy",Partly cloudy throughout the day with early morning rain.,rain,"NIM00065125,65125099999,DNAA,65112599999,NII0000DNAA,remote"
"ABUJA, NIGERIA",2025-03-01,36,23,29.8,35.4,23,29.3,12.5,36.8,0,0,0,,0,0,15.4,6.9,88.4,1010,3.8,4.5,292.4,25.4,10,10,2025-03-01T06:43:52,2025-03-01T18:41:12,0.05,Clear,Clear conditions throughout the day.,clear-day,"NIM00065125,65125099999,DNAA,65112599999,NII0000DNAA,remote"
"ABUJA, NIGERIA",2025-03-02,39,24,31.1,38,24,30.8,14.7,40.7,0,0,0,,0,0,12.1,8.1,79.1,1009.5,10.4,4.4,289.8,25.1,10,10,2025-03-02T06:43:26,2025-03-02T18:41:15,0.09,Clear,Clear conditions throughout the day.,clear-day,"NIM00065125,65125099999,DNAA,65112599999,NII0000DNAA,remote"
"ABUJA, NIGERIA",2025-03-03,39,25,31.8,39.2,25,32.5,15.6,38.6,0,0,0,,0,0,17.7,8.1,111,1008.8,7,4.2,278.7,24.2,10,10,2025-03-03T06:42:58,2025-03-03T18:41:17,0.12,Clear,Clear conditions throughout the day.,clear-day,"NIM00065125,65125099999,DNAA,65112599999,NII0000DNAA"
"ABUJA, NIGERIA",2025-03-04,39,25,32,41.8,25,34.2,19.5,49.6,0,0,0,,0,0,17.7,9.2,210.6,1008,9.6,4.9,283.3,24.4,10,10,2025-03-04T06:42:30,2025-03-04T18:41:18,0.16,Clear,Clear conditions throughout the day.,clear-day,"NIM00065125,65125099999,DNAA,65112599999,NII0000DNAA"
"ABUJA, NIGERIA",2025-03-05,38.3,25.8,32.2,42.3,25.8,35,20.8,53.5,0,0,0,,0,0,14.1,6.9,247.9,1007.9,20.8,8.7,280.8,24.3,10,30,2025-03-05T06:42:02,2025-03-05T18:41:20,0.19,Partially cloudy,Partly cloudy throughout the day.,partly-cloudy-day,"NIM00065125,65125099999,DNAA,65112599999,NII0000DNAA,remote"
"ABUJA, NIGERIA",2025-03-06,38,25,31.8,44.6,25,35.6,22.1,58.5,0,0,0,,0,0,13.9,11.4,239.1,1010.2,20.2,6.9,289.5,25,10,10,2025-03-06T06:41:33,2025-03-06T18:41:20,0.25,Partially cloudy,Becoming cloudy in the afternoon.,partly-cloudy-day,"NIM00065125,65125099999,DNAA,65112599999,NII0000DNAA,remote"
"ABUJA, NIGERIA",2025-03-07,37,26,31.4,43.3,26,35.1,22.4,61,0.1,100,4.17,rain,0,0,12.5,10.3,241.9,1010.6,29.7,6.6,279.3,24.1,9,10,2025-03-07T06:41:04,2025-03-07T18:41:21,0.26,"Rain, Partially cloudy",Partly cloudy throughout the day with late afternoon rain.,rain,"NIM00065125,65125099999,DNAA,65112599999,NII0000DNAA,remote"
"ABUJA, NIGERIA",2025-03-08,38,25,32.5,44.6,25,35.8,20.8,51.6,0,0,0,,0,0,13,9.2,190.5,1009.3,22.2,6.2,288.1,24.8,10,10,2025-03-08T06:40:34,2025-03-08T18:41:21,0.3,Partially cloudy,Partly cloudy throughout the day.,partly-cloudy-day,"NIM00065125,65125099999,DNAA,65112599999,NII0000DNAA"
"ABUJA, NIGERIA",2025-03-09,38,26,32.6,45.9,26,36.7,22.2,56.3,0,0,0,,0,0,14.1,8.1,232.3,1008.9,26.2,6.9,285.8,24.6,9,10,2025-03-09T06:40:04,2025-03-09T18:41:21,0.33,Partially cloudy,Partly cloudy throughout the day.,partly-cloudy-day,"NIM00065125,65125099999,DNAA,65112599999,NII0000DNAA,remote"
"ABUJA, NIGERIA",2025-03-10,36.8,27,30.7,43.4,29.2,34.9,22.7,63.9,2,100,4.17,rain,0,0,17.7,9.2,209,1009.9,42.1,7.7,257.4,22.3,9,60,2025-03-10T06:39:34,2025-03-10T18:41:21,0.37,"Rain, Partially cloudy",Partly cloudy throughout the day with late afternoon rain.,rain,"NIM00065125,65125099999,DNAA,65112599999,NII0000DNAA,remote"
"ABUJA, NIGERIA",2025-03-11,37,25,30.6,42.1,25,33.5,22.2,63.2,0,0,0,,0,0,17,9.2,229.4,1010.1,22.1,8,263.7,22.9,10,10,2025-03-11T06:39:03,2025-03-11T18:41:20,0.4,Partially cloudy,Clearing in the afternoon.,partly-cloudy-day,"NIM00065125,65125099999,DNAA,remote,65112599999,NII0000DNAA"
"ABUJA, NIGERIA",2025-03-12,38.4,27,31.7,41.1,29.2,34.9,21.4,57.2,0,0,0,,0,0,14.8,10.3,251.1,1009.5,25.3,7.3,270,23.2,9,10,2025-03-12T06:38:32,2025-03-12T18:41:19,0.44,Partially cloudy,Becoming cloudy in the afternoon.,partly-cloudy-day,"NIM00065125,65125099999,DNAA,65112599999,NII0000DNAA,remote"
"ABUJA, NIGERIA",2025-03-13,37,25,31.2,44.6,25,35.2,22.3,61.5,0,0,0,,0,0,15.9,6.9,266.5,1008.9,34.3,7.3,272.2,23.4,9,10,2025-03-13T06:38:00,2025-03-13T18:41:17,0.47,Partially cloudy,Partly cloudy throughout the day.,partly-cloudy-day,"NIM00065125,65125099999,DNAA,65112599999,NII0000DNAA,remote"
"ABUJA, NIGERIA",2025-03-14,36,26,30.5,41.9,26,34.9,23.3,66.8,0.8,100,4.17,rain,0,0,18.8,10.3,199.8,1010.8,35.1,6.2,244.9,21.3,9,30,2025-03-14T06:37:29,2025-03-14T18:41:16,0.5,"Rain, Partially cloudy",Partly cloudy throughout the day with early morning rain.,rain,"NIM00065125,65125099999,DNAA,65112599999,NII0000DNAA"
"ABUJA, NIGERIA",2025-03-15,37.8,26,31.5,42.1,26,34.9,21.9,59.4,0,0,0,,0,0,13.9,15,256.8,1011.7,39.2,6.9,283,24.5,10,10,2025-03-15T06:36:57,2025-03-15T18:41:14,0.54,Partially cloudy,Partly cloudy throughout the day.,partly-cloudy-day,"NIM00065125,65125099999,DNAA,65112599999,NII0000DNAA,remote"
"ABUJA, NIGERIA",2025-03-16,37,26,31.6,43.3,26,35.3,22.1,58.7,0,0,0,,0,0,12.8,9.2,285.9,1011.1,28.8,7.3,298.2,25.9,10,10,2025-03-16T06:36:25,2025-03-16T18:41:12,0.57,Partially cloudy,Partly cloudy throughout the day.,partly-cloudy-day,"NIM00065125,65125099999,DNAA,65112599999,NII0000DNAA,remote"
"ABUJA, NIGERIA",2025-03-17,38,27,31.7,40.8,28.2,34.1,20.1,52,0.9,100,4.17,rain,0,0,14.5,10.3,244.2,1010.6,23.8,6.2,294.6,25.6,10,10,2025-03-17T06:35:52,2025-03-17T18:41:10,0.6,"Rain, Partially cloudy",Partly cloudy throughout the day with late afternoon rain.,rain,"NIM00065125,65125099999,DNAA,65112599999,NII0000DNAA"
"ABUJA, NIGERIA",2025-03-18,38,26,31.4,40.6,26,33.5,20.2,53.2,0,0,0,,0,0,15.7,11.4,245.8,1010,20.3,6.2,294.7,25.4,10,10,2025-03-18T06:35:20,2025-03-18T18:41:08,0.64,Partially cloudy,Partly cloudy throughout the day.,partly-cloudy-day,"NIM00065125,65125099999,DNAA,65112599999,NII0000DNAA"
"ABUJA, NIGERIA",2025-03-19,36.1,27,31.2,40.9,28.5,34.5,21.4,57.3,0,0,0,,0,0,16.3,8.1,201.5,1010.7,49.1,8.8,259,22.3,10,30,2025-03-19T06:34:47,2025-03-19T18:41:05,0.67,Partially cloudy,Partly cloudy throughout the day.,partly-cloudy-day,"NIM00065125,65125099999,DNAA,65112599999,NII0000DNAA,remote"
"ABUJA, NIGERIA",2025-03-20,36,26,31.4,39.6,26,33.6,20.5,54.4,0.1,100,4.17,rain,0,0,19.7,9.2,227.3,1011.9,42.3,9.5,266.8,23,9,10,2025-03-20T06:34:14,2025-03-20T18:41:03,0.7,"Rain, Partially cloudy",Becoming cloudy in the afternoon with late afternoon rain.,rain,"NIM00065125,65125099999,DNAA,65112599999,NII0000DNAA,remote"
"ABUJA, NIGERIA",2025-03-21,36,27,31.4,40.9,28.9,34.8,21.6,56.8,0,0,0,,0,0,14.5,11.4,194.7,1012.2,32.9,7.3,276.6,23.9,10,10,2025-03-21T06:33:41,2025-03-21T18:41:00,0.74,Partially cloudy,Partly cloudy throughout the day.,partly-cloudy-day,"NIM00065125,65125099999,DNAA,remote,65112599999,NII0000DNAA"
"ABUJA, NIGERIA",2025-03-22,37,26.5,31.8,42,26.5,34.3,20.4,53,0,0,0,,0,0,17.2,10.3,201.4,1011.3,40,8.4,245.2,21.3,9,30,2025-03-22T06:33:08,2025-03-22T18:40:57,0.75,Partially cloudy,Partly cloudy throughout the day.,partly-cloudy-day,"NIM00065125,65125099999,DNAA,remote,65112599999,NII0000DNAA"
"ABUJA, NIGERIA",2025-03-23,39,25,31.7,39.9,25,33.2,19.5,51.9,0,0,0,,0,0,13.4,9.2,135.4,1011.1,16.2,6.6,297.3,25.6,10,30,2025-03-23T06:32:35,2025-03-23T18:40:54,0.8,Clear,Clear conditions throughout the day.,clear-day,"NIM00065125,65125099999,DNAA,65112599999,NII0000DNAA,remote"
"ABUJA, NIGERIA",2025-03-24,38.1,25,31.6,41.5,25,34.1,20.6,54.4,0,0,0,,0,0,11.6,6.9,182.4,1012,27,6.6,292.2,25.4,10,10,2025-03-24T06:32:02,2025-03-24T18:40:51,0.84,Partially cloudy,Partly cloudy throughout the day.,partly-cloudy-day,"NIM00065125,65125099999,DNAA,65112599999,NII0000DNAA,remote"
"ABUJA, NIGERIA",2025-03-25,39,27,33,43.6,28.8,36,20.7,50.3,0,0,0,,0,0,13,9.2,219.2,1011,25.6,6.9,284,24.6,10,10,2025-03-25T06:31:29,2025-03-25T18:40:48,0.87,Partially cloudy,Partly cloudy throughout the day.,partly-cloudy-day,"NIM00065125,65125099999,DNAA,65112599999,NII0000DNAA,remote"
"ABUJA, NIGERIA",2025-03-26,38,26,32.3,42.3,26,35.4,21.2,53.9,0,0,0,,0,0,17,11.4,244.5,1009.9,15,6.9,255.8,22.1,9,10,2025-03-26T06:30:55,2025-03-26T18:40:45,0.9,Clear,Clear conditions throughout the day.,clear-day,"NIM00065125,65125099999,DNAA,65112599999,NII0000DNAA,remote"
"ABUJA, NIGERIA",2025-03-27,35,26,31.1,41.9,26,34.3,21.2,56.7,0,0,0,,0,0,18.3,10.3,240,1009.7,51.1,6.6,265,22.8,9,10,2025-03-27T06:30:22,2025-03-27T18:40:42,0.93,Partially cloudy,Partly cloudy throughout the day.,partly-cloudy-day,"NIM00065125,65125099999,DNAA,65112599999,NII0000DNAA,remote"
"ABUJA, NIGERIA",2025-03-28,37,28,31.1,44.7,30.8,35.8,23.1,63.2,0,0,0,,0,0,16.3,12.8,239.6,1009.3,52.2,6.2,267.6,23.2,9,10,2025-03-28T06:29:49,2025-03-28T18:40:39,0.97,Partially cloudy,Partly cloudy throughout the day.,partly-cloudy-day,"NIM00065125,65125099999,DNAA,65112599999,NII0000DNAA"
"ABUJA, NIGERIA",2025-03-29,37,26,31.3,43.3,26,35.1,22.5,61,0,0,0,,0,0,15.7,15,241,1008.6,34.3,6.9,285.1,24.6,10,10,2025-03-29T06:29:16,2025-03-29T18:40:36,0,Partially cloudy,Partly cloudy throughout the day.,partly-cloudy-day,"NIM00065125,65125099999,DNAA,remote,65112599999,NII0000DNAA"
"ABUJA, NIGERIA",2025-03-30,36.4,26,30.5,41.9,26,34.2,22.6,64.1,8,100,4.17,rain,0,0,20.1,10.3,241,1008.8,40.3,8,262.9,22.8,10,30,2025-03-30T06:28:43,2025-03-30T18:40:33,0.03,"Rain, Partially cloudy",Partly cloudy throughout the day with early morning rain.,rain,"NIM00065125,65125099999,DNAA,65112599999,NII0000DNAA,remote"
"ABUJA, NIGERIA",2025-03-31,37,26,31,43.3,26,34.8,23,64.3,2,100,4.17,rain,0,0,17.9,13.9,213.4,1008.8,31.9,7.3,261.6,22.6,10,30,2025-03-31T06:28:10,2025-03-31T18:40:31,0.07,"Rain, Partially cloudy",Partly cloudy throughout the day with morning rain.,rain,"NIM00065125,65125099999,DNAA,65112599999,NII0000DNAA,remote"
"ABUJA, NIGERIA",2025-04-01,35.1,26.7,30.7,39.6,26.7,34.8,23,64.9,0.2,100,8.33,rain,0,0,18.3,16.1,226.9,1009.5,51.2,6.9,230.2,19.9,8,30,2025-04-01T06:27:37,2025-04-01T18:40:28,0.1,"Rain, Partially cloudy",Partly cloudy throughout the day with morning rain.,rain,"NIM00065125,65125099999,DNAA,65112599999,NII0000DNAA,remote"
"ABUJA, NIGERIA",2025-04-02,33.6,24,28.5,39.8,24,32.3,23.8,76.3,0.9,100,4.17,rain,0,0,19,15,189.9,1009.8,53.9,6.6,220.5,18.9,8,30,2025-04-02T06:27:05,2025-04-02T18:40:25,0.14,"Rain, Partially cloudy",Partly cloudy throughout the day with afternoon rain.,rain,"NIM00065125,65125099999,DNAA,65112599999,NII0000DNAA,remote"
"ABUJA, NIGERIA",2025-04-03,37,25,30.2,41.1,25,32.5,22.4,66.8,0,0,0,,0,0,18.6,6.9,257.8,1010.6,38.6,7.7,274.9,23.9,9,10,2025-04-03T06:26:32,2025-04-03T18:40:22,0.17,Partially cloudy,Partly cloudy throughout the day.,partly-cloudy-day,"NIM00065125,65125099999,DNAA,65112599999,NII0000DNAA,remote"
"ABUJA, NIGERIA",2025-04-04,38,25,31.3,41.4,25,33.5,20.7,56,0,0,0,,0,0,12.1,6.9,201.3,1010.8,21.3,7.7,305.8,26.5,10,10,2025-04-04T06:26:00,2025-04-04T18:40:20,0.21,Partially cloudy,Becoming cloudy in the afternoon.,partly-cloudy-day,"NIM00065125,65125099999,DNAA,65112599999,NII0000DNAA,remote"
"ABUJA, NIGERIA",2025-04-05,35,26,30.6,39.6,26,34,21.9,60.3,0,0,0,,0,0,17,9.2,246,1010,29.6,9.5,290.7,25.3,10,10,2025-04-05T06:25:28,2025-04-05T18:40:18,0.25,Partially cloudy,Partly cloudy throughout the day.,partly-cloudy-day,"NIM00065125,65125099999,DNAA,remote,65112599999,NII0000DNAA"
"ABUJA, NIGERIA",2025-04-06,37,26,31.4,40.8,26,33.8,20.4,54,0.3,100,12.5,rain,0,0,18.6,12.8,250.5,1010.1,37.9,6.6,265.4,22.9,9,30,2025-04-06T06:24:56,2025-04-06T18:40:15,0.27,"Rain, Partially cloudy",Partly cloudy throughout the day with rain in the morning and afternoon.,rain,"NIM00065125,65125099999,DNAA,65112599999,NII0000DNAA,remote"
"ABUJA, NIGERIA",2025-04-07,38,27,32.4,41.4,28.9,35.1,20.7,52.1,0,0,0,,0,0,15.2,12.8,200.2,1009.8,30.3,7.7,290.5,25.1,10,30,2025-04-07T06:24:25,2025-04-07T18:40:13,0.31,Partially cloudy,Partly cloudy throughout the day.,partly-cloudy-day,"NIM00065125,65125099999,DNAA,65112599999,NII0000DNAA,remote"
"ABUJA, NIGERIA",2025-04-08,37,23,31,42.1,23,34.5,22,60.6,5,100,4.17,rain,0,0,17,16.1,214.2,1011.9,37.4,6.8,266.2,23.2,10,60,2025-04-08T06:23:53,2025-04-08T18:40:12,0.34,"Rain, Partially cloudy",Partly cloudy throughout the day with late afternoon rain.,rain,"NIM00065125,65125099999,DNAA,65112599999,NII0000DNAA,remote"
"ABUJA, NIGERIA",2025-04-09,36,23,28.5,43.3,23,31.6,23,74,6,100,4.17,rain,0,0,21,26.4,136,1012.8,50.2,6.4,226,19.6,8,30,2025-04-09T06:23:22,2025-04-09T18:40:10,0.38,"Rain, Partially cloudy",Partly cloudy throughout the day with morning rain.,rain,"NIM00065125,65125099999,DNAA,65112599999,NII0000DNAA,remote"
"ABUJA, NIGERIA",2025-04-10,33.7,24,28.5,38.8,24,30.9,22.3,70.5,6,100,4.17,rain,0,0,19,11.4,167.9,1011.1,42.4,6.9,248.1,21.3,9,30,2025-04-10T06:22:52,2025-04-10T18:40:09,0.41,"Rain, Partially cloudy",Partly cloudy throughout the day with early morning rain.,rain,"NIM00065125,65125099999,DNAA,remote,65112599999,NII0000DNAA"
"ABUJA, NIGERIA",2025-04-11,35.2,25,27.8,40.7,25,29.6,22.8,76.1,3,100,4.17,rain,0,0,20.6,31.1,93,1010.7,34.3,6.4,255.6,22.1,9,10,2025-04-11T06:22:21,2025-04-11T18:40:07,0.45,"Rain, Partially cloudy",Becoming cloudy in the afternoon with late afternoon rain.,rain,"NIM00065125,65125099999,DNAA,65112599999,NII0000DNAA,remote"
"ABUJA, NIGERIA",2025-04-12,35,25,29.5,40.6,25,32.6,23.3,71.5,0,0,0,,0,0,11.9,8.1,271.8,1011.1,29,6.9,291.6,25.2,10,10,2025-04-12T06:21:51,2025-04-12T18:40:06,0.48,Partially cloudy,Partly cloudy throughout the day.,partly-cloudy-day,"NIM00065125,65125099999,DNAA,remote,65112599999,NII0000DNAA"
"ABUJA, NIGERIA",2025-04-13,37,26,31.6,41.1,26,34.8,21.7,58.1,0,0,0,,0,0,15,9.2,272,1010.8,34.6,6.9,287.1,24.9,10,10,2025-04-13T06:21:22,2025-04-13T18:40:06,0.5,Partially cloudy,Partly cloudy throughout the day.,partly-cloudy-day,"NIM00065125,65125099999,DNAA,65112599999,NII0000DNAA,remote"
"ABUJA, NIGERIA",2025-04-14,37,26,31.1,41.1,26,34.7,22.6,62.5,0.2,100,4.17,rain,0,0,13.4,9.2,238.2,1010.7,24.2,7.3,272.5,23.7,9,10,2025-04-14T06:20:53,2025-04-14T18:40:05,0.55,"Rain, Partially cloudy",Partly cloudy throughout the day with late afternoon rain.,rain,"NIM00065125,65125099999,DNAA,65112599999,NII0000DNAA,remote"
"ABUJA, NIGERIA",2025-04-15,37,27,31.5,43.2,29.7,35.5,22.4,59.9,0,0,0,,0,0,15.4,11.4,221.5,1011.1,28.5,6.9,281.2,24.3,10,30,2025-04-15T06:20:24,2025-04-15T18:40:05,0.58,Partially cloudy,Partly cloudy throughout the day.,partly-cloudy-day,"NIM00065125,65125099999,DNAA,65112599999,NII0000DNAA,remote"
"ABUJA, NIGERIA",2025-04-16,37,27,31.7,43.3,30.2,35.8,22.5,59.7,0,0,0,,0,0,15.9,15,207.9,1011,47,7.7,268.4,23.3,9,10,2025-04-16T06:19:55,2025-04-16T18:40:05,0.62,Partially cloudy,Partly cloudy throughout the day.,partly-cloudy-day,"NIM00065125,65125099999,DNAA,65112599999,NII0000DNAA,remote"
"ABUJA, NIGERIA",2025-04-17,35,25,29.3,39.6,25,31.7,21.5,64.2,0,0,0,,0,0,17.9,16.1,207.7,1012.4,28.7,6.2,251.1,21.6,9,30,2025-04-17T06:19:27,2025-04-17T18:40:06,0.65,Partially cloudy,Partly cloudy throughout the day.,partly-cloudy-day,"NIM00065125,65125099999,DNAA,65112599999,NII0000DNAA"
"ABUJA, NIGERIA",2025-04-18,39,27,32.3,43.4,30.1,36.7,22.8,59.7,0.2,100,4.17,rain,0,0,14.1,16.1,238.2,1010.3,26,6.9,294.6,25.5,10,10,2025-04-18T06:19:00,2025-04-18T18:40:07,0.68,"Rain, Partially cloudy",Partly cloudy throughout the day with morning rain.,rain,"NIM00065125,65125099999,DNAA,65112599999,NII0000DNAA,remote"
"ABUJA, NIGERIA",2025-04-19,36,28,30.9,40.8,30.2,34.6,22.1,61.1,0,0,0,,0,0,17.2,23,197.1,1009.7,53.6,7.3,270.8,23.4,10,60,2025-04-19T06:18:33,2025-04-19T18:40:08,0.72,Partially cloudy,Partly cloudy throughout the day.,partly-cloudy-day,"NIM00065125,65125099999,DNAA,remote,65112599999,NII0000DNAA"
"ABUJA, NIGERIA",2025-04-20,37,26,31.1,43.3,26,34.3,21.7,58.9,0,0,0,,0,0,16.6,8.1,234.5,1009.2,41.9,7.7,290.8,25.1,10,30,2025-04-20T06:18:07,2025-04-20T18:40:09,0.75,Partially cloudy,Partly cloudy throughout the day.,partly-cloudy-day,"NIM00065125,65125099999,DNAA,remote,65112599999,NII0000DNAA"
"ABUJA, NIGERIA",2025-04-21,38,26,31.8,42.1,26,35.1,21.8,57.6,0,0,0,,0,0,15.7,9.2,242.7,1008.4,46,6.2,273.4,23.7,10,30,2025-04-21T06:17:41,2025-04-21T18:40:11,0.75,Partially cloudy,Partly cloudy throughout the day.,partly-cloudy-day,"NIM00065125,65125099999,DNAA,65112599999,NII0000DNAA"
"ABUJA, NIGERIA",2025-04-22,36,25.7,29.7,41.9,25.7,33.1,23.2,69.6,0.4,100,4.17,rain,0,0,18.6,15,214.5,1009.2,54.7,7.3,257.6,22.2,8,30,2025-04-22T06:17:15,2025-04-22T18:40:13,0.82,"Rain, Partially cloudy",Partly cloudy throughout the day with late afternoon rain.,rain,"NIM00065125,65125099999,DNAA,65112599999,NII0000DNAA,remote"
"ABUJA, NIGERIA",2025-04-23,35.5,25.1,29.3,38,25.1,31,21.9,67.2,1,100,8.33,rain,0,0,15.4,6.9,200.1,1008.9,65.8,14.6,288.3,24.8,10,30,2025-04-23T06:16:50,2025-04-23T18:40:15,0.85,"Rain, Partially cloudy",Partly cloudy throughout the day with late afternoon rain.,rain,"DNAA,65112599999,NII0000DNAA,remote"
"ABUJA, NIGERIA",2025-04-24,36.7,26,31,39.3,26,33.1,20.9,57.2,0,0,0,,0,0,12.8,6.5,241.9,1008,91.4,15,296.9,25.7,10,30,2025-04-24T06:16:26,2025-04-24T18:40:18,0.89,Overcast,Cloudy skies throughout the day.,cloudy,remote
"ABUJA, NIGERIA",2025-04-25,38,24,30.3,43.3,24,34,23.1,67.4,5,100,4.17,rain,0,0,15.2,31.1,220.3,1008.3,60.6,7.8,257.6,22.3,9,60,2025-04-25T06:16:02,2025-04-25T18:40:21,0.92,"Rain, Partially cloudy",Partly cloudy throughout the day with late afternoon rain.,rain,"NIM00065125,65125099999,DNAA,remote,65112599999,NII0000DNAA"
"ABUJA, NIGERIA",2025-04-26,32,26,28.2,39.1,26,31.9,23.7,77.2,3.7,100,16.67,rain,0,0,19.5,10.3,178.9,1010.3,49.9,6.2,226.9,19.7,9,30,2025-04-26T06:15:39,2025-04-26T18:40:25,0.95,"Rain, Partially cloudy",Partly cloudy throughout the day with rain.,rain,"NIM00065125,65125099999,DNAA,65112599999,NII0000DNAA"
"ABUJA, NIGERIA",2025-04-27,34,25,28.7,38.3,25,30.7,22.4,71,0.4,100,4.17,rain,0,0,23.9,9.2,215.6,1009.9,13.9,6.2,287.1,24.8,9,10,2025-04-27T06:15:17,2025-04-27T18:40:29,0,Rain,Clear conditions throughout the day with late afternoon rain.,rain,"NIM00065125,65125099999,DNAA,65112599999,NII0000DNAA"
"ABUJA, NIGERIA",2025-04-28,34,25.1,28.8,39.4,25.1,31.5,22.1,68.1,0.8,100,4.17,rain,0,0,13.6,13.9,244.4,1009.8,57.3,6.9,242.5,21.2,9,30,2025-04-28T06:14:55,2025-04-28T18:40:33,0.02,"Rain, Partially cloudy",Partly cloudy throughout the day with late afternoon rain.,rain,"NIM00065125,65125099999,DNAA,65112599999,NII0000DNAA,remote"
"ABUJA, NIGERIA",2025-04-29,34,25,29.2,37.3,25,31.5,21.2,63.4,0.2,100,4.17,rain,0,0,18.6,21.9,150.6,1009.6,31.1,6.2,260.8,22.6,8,30,2025-04-29T06:14:33,2025-04-29T18:40:38,0.06,"Rain, Partially cloudy",Partly cloudy throughout the day with morning rain.,rain,"NIM00065125,65125099999,DNAA,65112599999,NII0000DNAA"
"ABUJA, NIGERIA",2025-04-30,35,24,28.9,39.6,24,31,21.7,66.7,1.7,100,8.33,rain,0,0,13.4,15,220.6,1008.9,26.7,6.5,280.4,24.2,10,30,2025-04-30T06:14:13,2025-04-30T18:40:43,0.09,"Rain, Partially cloudy",Partly cloudy throughout the day with rain.,rain,"NIM00065125,65125099999,DNAA,65112599999,NII0000DNAA,remote"
"ABUJA, NIGERIA",2025-05-01,33,23,27.3,38.1,23,29.4,21.6,72,6,100,4.17,rain,0,0,16.1,32.2,252.9,1010.6,46.3,6.6,201.1,17.4,6,60,2025-05-01T06:13:53,2025-05-01T18:40:48,0.12,"Rain, Partially cloudy",Partly cloudy throughout the day with early morning rain.,rain,"NIM00065125,65125099999,DNAA,remote,65112599999,NII0000DNAA"
"ABUJA, NIGERIA",2025-05-02,32,23,26.3,36.8,23,27.8,22.4,79.7,4.8,100,8.33,rain,0,0,16.6,16.1,182.7,1012.1,51.4,6.5,196.3,17.1,7,30,2025-05-02T06:13:33,2025-05-02T18:40:54,0.16,"Rain, Partially cloudy",Partly cloudy throughout the day with rain.,rain,"NIM00065125,65125099999,DNAA,65112599999,NII0000DNAA,remote"
"ABUJA, NIGERIA",2025-05-03,32,23.9,27.5,37.9,23.9,30,22.9,77,0,0,0,rain,0,0,10.7,9.2,205.7,1012.6,25.6,6.2,249.1,21.6,9,30,2025-05-03T06:13:15,2025-05-03T18:41:01,0.19,Partially cloudy,Partly cloudy throughout the day.,partly-cloudy-day,"NIM00065125,65125099999,DNAA,65112599999,NII0000DNAA"
"ABUJA, NIGERIA",2025-05-04,35,26,30,40.7,26,33.2,22.5,65.4,0,0,0,,0,0,12.1,9.2,227.3,1011.8,38.7,6.9,280.4,24.3,9,30,2025-05-04T06:12:57,2025-05-04T18:41:07,0.25,Partially cloudy,Partly cloudy throughout the day.,partly-cloudy-day,"NIM00065125,65125099999,DNAA,65112599999,NII0000DNAA,remote"
"ABUJA, NIGERIA",2025-05-05,37,26.6,31.1,43.3,26.6,34.9,22.4,61.2,0,0,0,,0,0,14.8,11.4,205,1010.9,20.9,9.5,276.4,23.9,10,30,2025-05-05T06:12:40,2025-05-05T18:41:14,0.26,Partially cloudy,Partly cloudy throughout the day.,partly-cloudy-day,"NIM00065125,65125099999,DNAA,remote,65112599999,NII0000DNAA"
"ABUJA, NIGERIA",2025-05-06,36,26,30.8,42,26,34.9,22.9,63.7,0,0,0,,0,0,14.3,10.3,212.5,1011.8,36.4,6.6,255.4,21.9,10,60,2025-05-06T06:12:23,2025-05-06T18:41:22,0.29,Partially cloudy,Partly cloudy throughout the day.,partly-cloudy-day,"NIM00065125,65125099999,DNAA,65112599999,NII0000DNAA,remote"
"ABUJA, NIGERIA",2025-05-07,37,26,30.6,42,26,34.4,22.6,64.2,1.8,100,8.33,rain,0,0,16.8,15,215.3,1011.8,41,6.9,263.3,22.8,10,30,2025-05-07T06:12:07,2025-05-07T18:41:30,0.32,"Rain, Partially cloudy",Partly cloudy throughout the day with rain.,rain,"NIM00065125,65125099999,DNAA,65112599999,NII0000DNAA,remote"
"ABUJA, NIGERIA",2025-05-08,36,26,29.7,40.9,26,32.5,21.9,64.2,0.3,100,4.17,rain,0,0,20.1,9.2,198.5,1011.1,38.5,7.3,284.5,24.6,10,30,2025-05-08T06:11:52,2025-05-08T18:41:38,0.36,"Rain, Partially cloudy",Partly cloudy throughout the day with late afternoon rain.,rain,"NIM00065125,65125099999,DNAA,65112599999,NII0000DNAA,remote"
"ABUJA, NIGERIA",2025-05-09,35.8,26,29.1,40.6,26,31.7,22.4,68.5,3,100,4.17,rain,0,0,15.4,15,190.8,1010.9,43.6,7.3,271.8,23.3,9,30,2025-05-09T06:11:38,2025-05-09T18:41:47,0.39,"Rain, Partially cloudy",Partly cloudy throughout the day with late afternoon rain.,rain,"NIM00065125,65125099999,DNAA,65112599999,NII0000DNAA,remote"
"ABUJA, NIGERIA",2025-05-10,35,25,29,40.7,25,31.9,23.1,72.3,0.2,100,4.17,rain,0,0,16.8,10.3,245.3,1013.7,35.1,6.1,277.5,23.9,10,30,2025-05-10T06:11:24,2025-05-10T18:41:56,0.42,"Rain, Partially cloudy",Partly cloudy throughout the day with late afternoon rain.,rain,"NIM00065125,65125099999,DNAA,65112599999,NII0000DNAA"
"ABUJA, NIGERIA",2025-05-11,36,26,30.1,41.8,26,33.3,22.1,63.6,0,0,0,,0,0,16.3,27.7,188.4,1014.2,43.1,6.5,261.8,22.7,9,10,2025-05-11T06:11:12,2025-05-11T18:42:06,0.46,Partially cloudy,Partly cloudy throughout the day.,partly-cloudy-day,"NIM00065125,65125099999,DNAA,65112599999,NII0000DNAA,remote"
"ABUJA, NIGERIA",2025-05-12,35,24,29.3,41.9,24,32.1,22.3,67.1,0.8,100,8.33,rain,0,0,16.6,11.4,201.8,1012.6,44.7,6.9,270,23.3,9,30,2025-05-12T06:10:59,2025-05-12T18:42:15,0.5,"Rain, Partially cloudy",Partly cloudy throughout the day with late afternoon rain.,rain,"NIM00065125,65125099999,DNAA,65112599999,NII0000DNAA,remote"
"ABUJA, NIGERIA",2025-05-13,33,25,29.2,38.1,25,32.6,23,70,2,100,4.17,rain,0,0,17,13.9,206.6,1011.3,54.4,6.9,207.4,17.9,7,60,2025-05-13T06:10:48,2025-05-13T18:42:26,0.53,"Rain, Partially cloudy",Partly cloudy throughout the day with early morning rain.,rain,"NIM00065125,65125099999,DNAA,remote,65112599999,NII0000DNAA"
"ABUJA, NIGERIA",2025-05-14,34,25,29.1,39.3,25,32.5,22.6,68.6,0.2,100,4.17,rain,0,0,16.6,11.4,227,1011.5,36.5,6.2,288.6,25,10,30,2025-05-14T06:10:38,2025-05-14T18:42:36,0.56,"Rain, Partially cloudy",Partly cloudy throughout the day with late afternoon rain.,rain,"NIM00065125,65125099999,DNAA,65112599999,NII0000DNAA"
"ABUJA, NIGERIA",2025-05-15,33,22,26.8,35.9,22,28.2,21.3,72.8,21,100,8.33,rain,0,0,15.2,9.2,117.5,1011.4,35.9,8,293.1,25.3,10,30,2025-05-15T06:10:28,2025-05-15T18:42:47,0.6,"Rain, Partially cloudy",Partly cloudy throughout the day with rain.,rain,"NIM00065125,65125099999,DNAA,65112599999,NII0000DNAA,remote"
"ABUJA, NIGERIA",2025-05-16,34.8,23,28.2,39.3,23,31,22.6,73.4,1.8,100,20.83,rain,0,0,18.3,9.2,205.9,1010.2,39,8.8,273.6,23.7,9,10,2025-05-16T06:10:19,2025-05-16T18:42:59,0.63,"Rain, Partially cloudy",Partly cloudy throughout the day with rain.,rain,"NIM00065125,65125099999,DNAA,65112599999,NII0000DNAA,remote"
"ABUJA, NIGERIA",2025-05-17,32,23.6,26,35.9,23.6,27.1,22,79.1,7.3,100,29.17,rain,0,0,12.8,27.7,70.3,1011.4,76.7,8.1,155.1,13.5,6,30,2025-05-17T06:10:10,2025-05-17T18:43:11,0.66,"Rain, Partially cloudy",Partly cloudy throughout the day with rain.,rain,"NIM00065125,65125099999,DNAA,remote,65112599999,NII0000DNAA"
"ABUJA, NIGERIA",2025-05-18,30,23,26.1,33.3,23,27.6,21.5,76.1,3,100,20.83,rain,0,0,15.7,11.4,273,1012.5,33.7,6.6,255.5,22.1,10,10,2025-05-18T06:10:03,2025-05-18T18:43:23,0.7,"Rain, Partially cloudy",Becoming cloudy in the afternoon with a chance of rain throughout the day.,rain,"NIM00065125,65125099999,DNAA,65112599999,NII0000DNAA,remote"
"ABUJA, NIGERIA",2025-05-19,34,24,28.8,38.3,24,31.4,22.6,70.8,0.1,100,4.17,rain,0,0,16.8,12.8,257.9,1012.1,61.4,7.9,279.7,24.1,9,30,2025-05-19T06:09:56,2025-05-19T18:43:35,0.73,"Rain, Partially cloudy",Partly cloudy throughout the day with late afternoon rain.,rain,"NIM00065125,65125099999,DNAA,65112599999,NII0000DNAA,remote"
"ABUJA, NIGERIA",2025-05-20,30,21.5,25.8,34.2,21.5,27.2,22,79.9,4.4,100,37.5,rain,0,0,15.9,11.4,194.8,1012.8,64,9.5,167,14.6,6,30,2025-05-20T06:09:50,2025-05-20T18:43:48,0.75,"Rain, Partially cloudy",Partly cloudy throughout the day with a chance of rain throughout the day.,rain,"NIM00065125,65125099999,DNAA,65112599999,NII0000DNAA,remote"
"ABUJA, NIGERIA",2025-05-21,33,23,27.7,37.1,23,29.8,22.2,74,0,0,0,,0,0,13,9.2,204.6,1012.8,25.3,8,293.6,25.3,10,30,2025-05-21T06:09:45,2025-05-21T18:44:01,0.8,Partially cloudy,Becoming cloudy in the afternoon.,partly-cloudy-day,"NIM00065125,65125099999,DNAA,remote,65112599999,NII0000DNAA"
"ABUJA, NIGERIA",2025-05-22,34.4,25,29.2,40.6,25,32.5,23.5,72.4,0,0,0,,0,0,12.1,10.3,258.4,1013.4,38.7,8.4,245.5,21.2,8,30,2025-05-22T06:09:41,2025-05-22T18:44:14,0.84,Partially cloudy,Partly cloudy throughout the day.,partly-cloudy-day,"NIM00065125,65125099999,DNAA,65112599999,NII0000DNAA,remote"
"ABUJA, NIGERIA",2025-05-23,33,22,27.9,40.6,22,30.7,23.1,76,23,100,4.17,rain,0,0,15,9.2,211.7,1012.1,50.3,8.8,237.5,20.5,8,60,2025-05-23T06:09:37,2025-05-23T18:44:28,0.87,"Rain, Partially cloudy",Partly cloudy throughout the day with morning rain.,rain,"NIM00065125,65125099999,DNAA,remote,65112599999,NII0000DNAA"
"ABUJA, NIGERIA",2025-05-24,32,24,27.5,38,24,29.9,24,81.8,1,100,4.17,rain,0,0,19.5,11.4,251.3,1013.6,56.5,7.3,180.2,15.7,6,30,2025-05-24T06:09:34,2025-05-24T18:44:42,0.91,"Rain, Partially cloudy",Partly cloudy throughout the day with early morning rain.,rain,"NIM00065125,65125099999,DNAA,65112599999,NII0000DNAA,remote"
"ABUJA, NIGERIA",2025-05-25,33,24,27.8,38.1,24,30.3,22.3,73.2,0.1,100,4.17,rain,0,0,15.4,11.4,247,1014.6,38.3,6.6,271.6,23.4,9,30,2025-05-25T06:09:32,2025-05-25T18:44:56,0.94,"Rain, Partially cloudy",Partly cloudy throughout the day with afternoon rain.,rain,"NIM00065125,65125099999,DNAA,65112599999,NII0000DNAA,remote"
"ABUJA, NIGERIA",2025-05-26,34,25,28.8,39.4,25,31.7,22.8,71.5,1.5,100,20.83,rain,0,0,18.3,9.2,214.5,1014.2,41.6,6.2,223,19.3,7,30,2025-05-26T06:09:30,2025-05-26T18:45:10,0.98,"Rain, Partially cloudy",Partly cloudy throughout the day with rain.,rain,"NIM00065125,65125099999,DNAA,65112599999,NII0000DNAA"
"ABUJA, NIGERIA",2025-05-27,32,23.5,27.6,38,23.5,30,22.8,75.6,4.2,100,8.33,rain,0,0,16.8,12.8,239,1013.8,53.5,7.2,126.7,11,4,30,2025-05-27T06:09:30,2025-05-27T18:45:25,0,"Rain, Partially cloudy",Partly cloudy throughout the day with early morning rain.,rain,"NIM00065125,65125099999,DNAA,remote,65112599999,NII0000DNAA"
"ABUJA, NIGERIA",2025-05-28,33.1,22,27.7,39.9,22,30.1,23.6,80,12,100,4.17,rain,0,0,16.1,9.2,333.5,1013.8,54.4,9.3,247.1,21.5,9,30,2025-05-28T06:09:30,2025-05-28T18:45:39,0.04,"Rain, Partially cloudy",Partly cloudy throughout the day with late afternoon rain.,rain,"NIM00065125,65125099999,DNAA,65112599999,NII0000DNAA,remote"
"ABUJA, NIGERIA",2025-05-29,29,22,25.4,33.6,22,26.8,22.7,85.4,16,100,8.33,rain,0,0,34.4,21.9,86.1,1015.9,54.1,6.4,109.5,9.4,4,30,2025-05-29T06:09:30,2025-05-29T18:45:54,0.08,"Rain, Partially cloudy",Partly cloudy throughout the day with rain clearing later.,rain,"NIM00065125,65125099999,DNAA,65112599999,NII0000DNAA,remote"
"ABUJA, NIGERIA",2025-05-30,32,23.4,27.8,39.2,23.4,30.3,23.2,78,2,100,8.33,rain,0,0,14.5,10.3,238,1015.4,45.5,6.6,253.3,21.9,9,30,2025-05-30T06:09:32,2025-05-30T18:46:09,0.11,"Rain, Partially cloudy",Partly cloudy throughout the day with rain.,rain,"NIM00065125,65125099999,DNAA,65112599999,NII0000DNAA,remote"
"ABUJA, NIGERIA",2025-05-31,33,26,28.9,40.6,26,32.4,23.7,74.3,0.1,100,4.17,rain,0,0,15.2,11.4,232.9,1013.8,50.1,7.3,201,17.3,6,30,2025-05-31T06:09:34,2025-05-31T18:46:25,0.14,"Rain, Partially cloudy",Partly cloudy throughout the day with late afternoon rain.,rain,"NIM00065125,65125099999,DNAA,65112599999,NII0000DNAA,remote"
"ABUJA, NIGERIA",2025-06-01,33,24,27.9,39.3,24,30.6,23,75.6,0.2,100,4.17,rain,0,0,17.4,12.8,216.1,1013.9,54,6.6,193.2,16.8,6,60,2025-06-01T06:09:37,2025-06-01T18:46:40,0.18,"Rain, Partially cloudy",Partly cloudy throughout the day with morning rain.,rain,"NIM00065125,65125099999,DNAA,65112599999,NII0000DNAA,remote"
"ABUJA, NIGERIA",2025-06-02,33,24,28.3,39.3,24,31,22.8,73.5,1,100,4.17,rain,0,0,14.1,9.2,215.8,1014.6,37.3,6.2,266.3,22.9,9,30,2025-06-02T06:09:40,2025-06-02T18:46:55,0.21,"Rain, Partially cloudy",Partly cloudy throughout the day with early morning rain.,rain,"NIM00065125,65125099999,DNAA,65112599999,NII0000DNAA"
"ABUJA, NIGERIA",2025-06-03,28,22,25.1,30.7,22,25.6,21.8,82.3,14,100,4.17,rain,0,0,13.4,20.8,69.5,1015.2,47.4,6.5,198.3,17.2,7,10,2025-06-03T06:09:44,2025-06-03T18:47:11,0.25,"Rain, Partially cloudy",Partly cloudy throughout the day with afternoon rain.,rain,"NIM00065125,65125099999,DNAA,65112599999,NII0000DNAA,remote"
"ABUJA, NIGERIA",2025-06-04,31,23,26.8,36.6,23,29.5,23.5,82.6,1.6,100,16.67,rain,0,0,15,9.2,240.1,1015.6,36.7,6.1,221.4,19,8,30,2025-06-04T06:09:49,2025-06-04T18:47:26,0.27,"Rain, Partially cloudy",Partly cloudy throughout the day with rain.,rain,"NIM00065125,65125099999,DNAA,65112599999,NII0000DNAA"
"ABUJA, NIGERIA",2025-06-05,33.6,23.7,27.6,38.1,23.7,29.3,22.4,75.2,3.3,100,33.33,rain,0,0,13.9,4.3,279.7,1014,74.3,14.6,272.2,23.6,9,30,2025-06-05T06:09:54,2025-06-05T18:47:42,0.31,"Rain, Partially cloudy",Partly cloudy throughout the day with rain.,rain,remote
"ABUJA, NIGERIA",2025-06-06,29.8,24.1,26.9,33.9,24.1,28.8,22.8,78.7,0.7,100,25,rain,0,0,15,6.5,219.3,1013.6,67.1,14.3,166,14.2,6,60,2025-06-06T06:10:00,2025-06-06T18:47:58,0.34,"Rain, Partially cloudy",Partly cloudy throughout the day with rain in the morning and afternoon.,rain,remote
"ABUJA, NIGERIA",2025-06-07,31.1,24.1,27.1,35.8,24.1,28.6,22.6,77.1,0.5,100,16.67,rain,0,0,13.2,8.1,217.5,1013.5,61.3,12.8,189.6,16.3,6,60,2025-06-07T06:10:07,2025-06-07T18:48:13,0.37,"Rain, Partially cloudy",Partly cloudy throughout the day with rain.,rain,"NIM00065125,65125099999,DNAA,remote,65112599999,NII0000DNAA"
"ABUJA, NIGERIA",2025-06-08,32,22.8,27.1,37.8,22.8,29,22.8,78.5,2.8,100,16.67,rain,0,0,13.6,16.1,131.4,1013.7,50.1,12.8,234.1,20.1,7,30,2025-06-08T06:10:14,2025-06-08T18:48:29,0.41,"Rain, Partially cloudy",Partly cloudy throughout the day with rain.,rain,"NIM00065125,65125099999,DNAA,65112599999,NII0000DNAA,remote"
"ABUJA, NIGERIA",2025-06-09,33,23.2,27.6,39.3,23.2,30.1,22.6,75,1.1,100,20.83,rain,0,0,19.5,6.9,233.4,1012.7,46.7,12.8,232.7,20,8,30,2025-06-09T06:10:22,2025-06-09T18:48:45,0.44,"Rain, Partially cloudy",Partly cloudy throughout the day with rain.,rain,"NIM00065125,65125099999,DNAA,remote,65112599999,NII0000DNAA"
"ABUJA, NIGERIA",2025-06-10,34,23.8,28.6,39.4,23.8,31.4,22.8,72.4,4,100,20.83,rain,0,0,13.9,9.2,256.5,1012.1,42.2,11,267.4,23,9,30,2025-06-10T06:10:30,2025-06-10T18:49:00,0.47,"Rain, Partially cloudy",Partly cloudy throughout the day with rain.,rain,"NIM00065125,65125099999,DNAA,remote,65112599999,NII0000DNAA"
"ABUJA, NIGERIA",2025-06-11,30.2,22,26.1,33.3,22,27.6,22.6,82,7,100,8.33,rain,0,0,16.3,12.8,234.1,1012.7,48.5,6.8,170.6,14.6,6,30,2025-06-11T06:10:39,2025-06-11T18:49:15,0.5,"Rain, Partially cloudy",Partly cloudy throughout the day with rain clearing later.,rain,"NIM00065125,65125099999,DNAA,65112599999,NII0000DNAA,remote"
"ABUJA, NIGERIA",2025-06-12,32,24,27.3,36.8,24,29.6,22.9,78.1,2.6,100,16.67,rain,0,0,14.8,9.2,236.7,1013,56,6.2,190.7,16.5,6,30,2025-06-12T06:10:49,2025-06-12T18:49:31,0.54,"Rain, Partially cloudy",Partly cloudy throughout the day with rain.,rain,"NIM00065125,65125099999,DNAA,65112599999,NII0000DNAA"
"ABUJA, NIGERIA",2025-06-13,32,23,27.8,36.8,23,30.3,22.4,73.9,2,100,4.17,rain,0,0,18.1,10.3,210.1,1013.4,46.1,7.3,261.5,22.6,9,60,2025-06-13T06:10:58,2025-06-13T18:49:46,0.58,"Rain, Partially cloudy",Partly cloudy throughout the day with early morning rain.,rain,"NIM00065125,65125099999,DNAA,65112599999,NII0000DNAA,remote"
"ABUJA, NIGERIA",2025-06-14,29,23,26.6,32.1,23,28.1,22,76.3,0.6,100,4.17,rain,0,0,14.1,13.1,224.2,1014.9,49.7,6.2,181.3,15.5,6,30,2025-06-14T06:11:09,2025-06-14T18:50:01,0.61,"Rain, Partially cloudy",Partly cloudy throughout the day with morning rain.,rain,"NIM00065125,65125099999,DNAA,65112599999,NII0000DNAA"
"ABUJA, NIGERIA",2025-06-15,31,23,26.7,34.6,23,28.2,22.1,76.9,0.6,100,4.17,rain,0,0,14.5,9.2,234.5,1016.1,46.8,6.1,193.4,16.7,7,30,2025-06-15T06:11:19,2025-06-15T18:50:15,0.65,"Rain, Partially cloudy",Partly cloudy throughout the day with morning rain.,rain,"NIM00065125,65125099999,DNAA,65112599999,NII0000DNAA"
"ABUJA, NIGERIA",2025-06-16,32,23.9,27.2,36.8,23.9,29.4,23.3,80.1,0.4,100,4.17,rain,0,0,16.3,11.4,264.4,1015,59.3,7.3,191.3,16.4,7,30,2025-06-16T06:11:31,2025-06-16T18:50:30,0.68,"Rain, Partially cloudy",Partly cloudy throughout the day with early morning rain.,rain,"NIM00065125,65125099999,DNAA,65112599999,NII0000DNAA,remote"
"ABUJA, NIGERIA",2025-06-17,32,22,26.6,34.9,22,28.2,21.1,72.7,0.6,100,12.5,rain,0,0,13.2,12.8,240.1,1015.5,54.7,7.7,174.3,15.1,6,30,2025-06-17T06:11:42,2025-06-17T18:50:44,0.72,"Rain, Partially cloudy",Partly cloudy throughout the day with rain clearing later.,rain,"NIM00065125,65125099999,DNAA,65112599999,NII0000DNAA,remote"
"ABUJA, NIGERIA",2025-06-18,32,24,27.3,36.8,24,29.1,22.2,74.2,0.6,100,12.5,rain,0,0,14.5,10.3,201,1016.3,41.7,6.6,227.9,19.8,9,30,2025-06-18T06:11:54,2025-06-18T18:50:58,0.75,"Rain, Partially cloudy",Partly cloudy throughout the day with rain.,rain,"NIM00065125,65125099999,DNAA,65112599999,NII0000DNAA,remote"
"ABUJA, NIGERIA",2025-06-19,32,24.5,27.9,35.8,24.5,29.7,21.8,70.5,0.6,100,12.5,rain,0,0,15.4,10.3,199,1015.8,54.2,7.3,182.8,15.7,6,30,2025-06-19T06:12:06,2025-06-19T18:51:12,0.79,"Rain, Partially cloudy",Partly cloudy throughout the day with a chance of rain throughout the day.,rain,"NIM00065125,65125099999,DNAA,65112599999,NII0000DNAA,remote"
"ABUJA, NIGERIA",2025-06-20,33,25,27.4,37,25,29,22.3,74.7,4.2,100,25,rain,0,0,13.9,11.4,247.6,1015.4,54.8,7.3,191.9,16.6,7,30,2025-06-20T06:12:19,2025-06-20T18:51:25,0.82,"Rain, Partially cloudy",Partly cloudy throughout the day with rain.,rain,"NIM00065125,65125099999,DNAA,65112599999,NII0000DNAA,remote"
"ABUJA, NIGERIA",2025-06-21,31,21,26,35.5,21,27.5,22.6,82.9,29.4,100,8.33,rain,0,0,12.8,10.3,212,1014.9,42.9,6,168.7,14.5,5,30,2025-06-21T06:12:32,2025-06-21T18:51:38,0.86,"Rain, Partially cloudy",Clearing in the afternoon with rain in the morning and afternoon.,rain,"NIM00065125,65125099999,DNAA,65112599999,NII0000DNAA"
"ABUJA, NIGERIA",2025-06-22,31,25,27,35.5,25,28.7,23.5,81.8,0.3,100,8.33,rain,0,0,13.4,9.2,210.1,1014.6,61.9,6.6,204.5,17.5,7,60,2025-06-22T06:12:45,2025-06-22T18:51:51,0.89,"Rain, Partially cloudy",Partly cloudy throughout the day with rain.,rain,"NIM00065125,65125099999,DNAA,65112599999,NII0000DNAA,remote"
"ABUJA, NIGERIA",2025-06-23,32,24.6,27.2,36.8,24.6,29.2,23.4,80.9,1.6,100,29.17,rain,0,0,13.9,10.3,191.9,1014,56,6.2,214.4,18.5,7,30,2025-06-23T06:12:59,2025-06-23T18:52:03,0.93,"Rain, Partially cloudy",Partly cloudy throughout the day with rain.,rain,"NIM00065125,65125099999,DNAA,65112599999,NII0000DNAA"
"ABUJA, NIGERIA",2025-06-24,33,25,27.9,39.2,25,30.3,22.4,72.8,0.7,100,4.17,rain,0,0,14.1,8.1,242.8,1013.1,60.8,6.4,233.4,20.2,8,30,2025-06-24T06:13:12,2025-06-24T18:52:15,0.97,"Rain, Partially cloudy",Partly cloudy throughout the day with late afternoon rain.,rain,"NIM00065125,65125099999,DNAA,65112599999,NII0000DNAA,remote"
"ABUJA, NIGERIA",2025-06-25,33.9,23,27.2,39.3,23,28.9,22.5,76.1,7,100,29.17,rain,0,0,16.3,10.3,297.7,1013.6,47.6,7.3,198.6,17.4,7,60,2025-06-25T06:13:26,2025-06-25T18:52:26,0,"Rain, Partially cloudy",Partly cloudy throughout the day with rain.,rain,"NIM00065125,65125099999,DNAA,65112599999,NII0000DNAA,remote"
"ABUJA, NIGERIA",2025-06-26,30,22,25.1,34.2,22,25.9,22.1,83.9,9,100,8.33,rain,0,0,14.1,15,257.4,1013.9,48.8,6.6,125.9,10.8,6,30,2025-06-26T06:13:40,2025-06-26T18:52:37,0.03,"Rain, Partially cloudy",Partly cloudy throughout the day with rain.,rain,"NIM00065125,65125099999,DNAA,65112599999,NII0000DNAA,remote"
"ABUJA, NIGERIA",2025-06-27,31,24,26.4,35.5,24,27.9,23.1,82.9,0,0,0,rain,0,0,14.3,10.3,206.2,1015.2,50.6,6.1,171.5,14.6,6,30,2025-06-27T06:13:55,2025-06-27T18:52:48,0.07,Partially cloudy,Partly cloudy throughout the day.,partly-cloudy-day,"NIM00065125,65125099999,DNAA,65112599999,NII0000DNAA"
"ABUJA, NIGERIA",2025-06-28,32,24,27.2,36.8,24,29.2,22.7,77.4,0,0,0,rain,0,0,16.6,9.2,251.3,1014.3,56.9,6.6,192.8,16.7,6,30,2025-06-28T06:14:09,2025-06-28T18:52:58,0.1,Partially cloudy,Partly cloudy throughout the day.,partly-cloudy-day,"NIM00065125,65125099999,DNAA,65112599999,NII0000DNAA,remote"
"ABUJA, NIGERIA",2025-06-29,31.6,25,27.6,36.6,25,29.9,22.7,75.3,4.5,100,41.67,rain,0,0,19.2,11.4,265.6,1013.5,58.2,6.1,182.8,15.8,7,60,2025-06-29T06:14:24,2025-06-29T18:53:07,0.13,"Rain, Partially cloudy",Partly cloudy throughout the day with rain.,rain,"NIM00065125,65125099999,DNAA,65112599999,NII0000DNAA,remote"
"ABUJA, NIGERIA",2025-06-30,29,23.9,25.9,33.6,23.9,26.8,22.9,84.3,3.3,100,45.83,rain,0,0,13.2,8.1,220.6,1013.7,58.5,6.9,152.6,13,6,30,2025-06-30T06:14:38,2025-06-30T18:53:16,0.16,"Rain, Partially cloudy",Partly cloudy throughout the day with a chance of rain throughout the day.,rain,"NIM00065125,65125099999,DNAA,65112599999,NII0000DNAA,remote"
"ABUJA, NIGERIA",2025-07-01,25,23,23.7,25,23,23.7,22.7,94,35,100,12.5,rain,0,0,15.4,10.3,219.4,1015.1,72.4,5.5,119,10.2,4,10,2025-07-01T06:14:53,2025-07-01T18:53:24,0.2,"Rain, Partially cloudy",Partly cloudy throughout the day with rain.,rain,"NIM00065125,65125099999,DNAA,remote,65112599999,NII0000DNAA"
"ABUJA, NIGERIA",2025-07-02,31,23,25.9,35.5,23,27.4,22.8,84.2,7.1,100,54.17,rain,0,0,13.9,11.4,273.4,1015.1,63.7,6.3,175.6,15.1,6,60,2025-07-02T06:15:08,2025-07-02T18:53:32,0.25,"Rain, Partially cloudy",Partly cloudy throughout the day with a chance of rain throughout the day.,rain,"NIM00065125,65125099999,DNAA,65112599999,NII0000DNAA,remote"
"ABUJA, NIGERIA",2025-07-03,31,23,26.3,36.6,23,28.2,23.2,83.5,0.6,100,4.17,rain,0,0,12.3,13.9,206.8,1015.1,64.6,6.2,151.9,13.2,5,60,2025-07-03T06:15:22,2025-07-03T18:53:39,0.26,"Rain, Partially cloudy",Partly cloudy throughout the day with late afternoon rain.,rain,"NIM00065125,65125099999,DNAA,65112599999,NII0000DNAA,remote"
"ABUJA, NIGERIA",2025-07-04,30,23.4,26.2,34.2,23.4,27.4,23.2,83.9,14,100,4.17,rain,0,0,14.3,9.2,245.8,1015.7,83.6,7.3,142.4,12.3,7,30,2025-07-04T06:15:37,2025-07-04T18:53:46,0.29,"Rain, Partially cloudy",Partly cloudy throughout the day with morning rain.,rain,"NIM00065125,65125099999,DNAA,65112599999,NII0000DNAA,remote"
"ABUJA, NIGERIA",2025-07-05,29,23,25.7,32.8,23,26.9,22.6,83.7,13.2,100,58.33,rain,0,0,13.9,12.8,253.8,1015.4,64.3,7.3,98.9,8.6,4,30,2025-07-05T06:15:52,2025-07-05T18:53:52,0.32,"Rain, Partially cloudy",Partly cloudy throughout the day with a chance of rain throughout the day.,rain,"NIM00065125,65125099999,DNAA,65112599999,NII0000DNAA,remote"
"ABUJA, NIGERIA",2025-07-06,27,23,24.8,29.7,23,25.1,22.8,89.1,1.4,100,8.33,rain,0,0,14.5,11.4,250.1,1015.2,64.9,6.5,137.6,11.9,5,10,2025-07-06T06:16:07,2025-07-06T18:53:57,0.36,"Rain, Partially cloudy",Partly cloudy throughout the day with rain.,rain,"NIM00065125,65125099999,DNAA,65112599999,NII0000DNAA,remote"
"ABUJA, NIGERIA",2025-07-07,29.2,24,25.9,33.6,24,27,22.9,84.3,6.9,100,41.67,rain,0,0,13.4,9.2,217.5,1015.4,68.3,6.6,177,15.3,7,30,2025-07-07T06:16:21,2025-07-07T18:54:02,0.39,"Rain, Partially cloudy",Partly cloudy throughout the day with a chance of rain throughout the day.,rain,"NIM00065125,65125099999,DNAA,65112599999,NII0000DNAA,remote"
"ABUJA, NIGERIA",2025-07-08,30,23,26,35.1,23,27.5,23.1,84.3,18.4,100,70.83,rain,0,0,12.5,10.3,243.5,1015.6,70,7.4,167.4,14.4,6,30,2025-07-08T06:16:36,2025-07-08T18:54:06,0.42,"Rain, Partially cloudy",Partly cloudy throughout the day with a chance of rain throughout the day.,rain,"NIM00065125,65125099999,DNAA,65112599999,NII0000DNAA,remote"
"ABUJA, NIGERIA",2025-07-09,30,22.6,26,34.2,22.6,27.6,22.8,83,10,100,8.33,rain,0,0,15,10.3,214.4,1016.7,59.4,6.9,129.5,11,5,30,2025-07-09T06:16:50,2025-07-09T18:54:09,0.45,"Rain, Partially cloudy",Partly cloudy throughout the day with rain clearing later.,rain,"NIM00065125,65125099999,DNAA,65112599999,NII0000DNAA,remote"
"ABUJA, NIGERIA",2025-07-10,30,23.8,26.5,34.1,23.8,28,23,81.3,2.5,100,50,rain,0,0,17.7,11.4,247.4,1016.3,64.3,6.6,215.2,18.5,8,30,2025-07-10T06:17:04,2025-07-10T18:54:11,0.5,"Rain, Partially cloudy",Partly cloudy throughout the day with a chance of rain throughout the day.,rain,"NIM00065125,65125099999,DNAA,65112599999,NII0000DNAA,remote"
"ABUJA, NIGERIA",2025-07-11,32,23.2,26.5,36.8,23.2,27.8,22.7,80.7,1.8,100,41.67,rain,0,0,15.2,16.1,223,1014.7,64.7,6.4,130.1,11.4,5,30,2025-07-11T06:17:19,2025-07-11T18:54:13,0.52,"Rain, Partially cloudy",Partly cloudy throughout the day with a chance of rain throughout the day.,rain,"NIM00065125,65125099999,DNAA,65112599999,NII0000DNAA,remote"
"ABUJA, NIGERIA",2025-07-12,28,22.6,25.4,30.7,22.6,26,22,81.5,3.8,100,58.33,rain,0,0,17.7,10.3,220.8,1014.6,79.9,6.6,129.6,11.2,5,10,2025-07-12T06:17:32,2025-07-12T18:54:14,0.56,"Rain, Partially cloudy",Partly cloudy throughout the day with a chance of rain throughout the day.,rain,"NIM00065125,65125099999,DNAA,65112599999,NII0000DNAA,remote"
"ABUJA, NIGERIA",2025-07-13,29,23,25.3,32.1,23,26,21.7,80.7,1.6,100,37.5,rain,0,0,13.6,9.2,208.9,1017.2,75.9,8.1,111.5,9.6,4,10,2025-07-13T06:17:46,2025-07-13T18:54:15,0.59,"Rain, Partially cloudy",Partly cloudy throughout the day with a chance of rain throughout the day.,rain,"NIM00065125,65125099999,DNAA,65112599999,NII0000DNAA,remote"
"ABUJA, NIGERIA",2025-07-14,32,23.4,26.7,36.8,23.4,28.2,22.4,77.7,2.2,100,37.5,rain,0,0,14.1,11.4,258.5,1017.3,55,8.6,199.6,17.2,6,30,2025-07-14T06:18:00,2025-07-14T18:54:14,0.63,"Rain, Partially cloudy",Partly cloudy throughout the day with rain.,rain,"NIM00065125,65125099999,DNAA,65112599999,NII0000DNAA,remote"
"ABUJA, NIGERIA",2025-07-15,30,22.5,26.1,34.1,22.5,27.5,22.3,80.3,2,100,4.17,rain,0,0,16.6,16.1,259.8,1015.7,60.4,8.5,204.8,17.8,7,30,2025-07-15T06:18:13,2025-07-15T18:54:13,0.66,"Rain, Partially cloudy",Partly cloudy throughout the day with late afternoon rain.,rain,"NIM00065125,65125099999,DNAA,remote,65112599999,NII0000DNAA"
"ABUJA, NIGERIA",2025-07-16,29,24,25.9,32,24,26.8,21.9,79.2,2,100,4.17,rain,0,0,21.7,12.8,197,1015.3,57.9,6.1,173,14.9,5,30,2025-07-16T06:18:26,2025-07-16T18:54:11,0.7,"Rain, Partially cloudy",Partly cloudy throughout the day with morning rain.,rain,"NIM00065125,65125099999,DNAA,65112599999,NII0000DNAA,remote"
"ABUJA, NIGERIA",2025-07-17,29,23.2,25.7,32.8,23.2,26.3,22,80.2,3.7,100,41.67,rain,0,0,18.8,11.4,221.3,1016.6,65.9,8,185.1,16,6,10,2025-07-17T06:18:39,2025-07-17T18:54:08,0.74,"Rain, Partially cloudy",Partly cloudy throughout the day with rain.,rain,"NIM00065125,65125099999,DNAA,65112599999,NII0000DNAA,remote"
"ABUJA, NIGERIA",2025-07-18,28.7,23,25.6,31.1,23,26.2,21.4,78.2,1.2,100,33.33,rain,0,0,16.3,8.1,245.8,1016.9,53.8,8.7,194.1,16.9,7,10,2025-07-18T06:18:51,2025-07-18T18:54:05,0.75,"Rain, Partially cloudy",Partly cloudy throughout the day with rain in the morning and afternoon.,rain,"NIM00065125,65125099999,DNAA,65112599999,NII0000DNAA,remote"
"ABUJA, NIGERIA",2025-07-19,31,23.2,26.9,35.5,23.2,28.5,21.8,74.2,3.4,100,41.67,rain,0,0,13.9,8.1,246.3,1015.7,54.9,7.1,214.6,18.6,8,30,2025-07-19T06:19:04,2025-07-19T18:54:00,0.81,"Rain, Partially cloudy",Partly cloudy throughout the day with rain.,rain,"NIM00065125,65125099999,DNAA,65112599999,NII0000DNAA,remote"
"ABUJA, NIGERIA",2025-07-20,30,23.2,26.3,34.2,23.2,27.6,22.9,82.5,2,100,4.17,rain,0,0,13.9,12.8,220.4,1013.8,67.9,8.6,207.1,17.7,7,30,2025-07-20T06:19:16,2025-07-20T18:53:55,0.84,"Rain, Partially cloudy",Partly cloudy throughout the day with late afternoon rain.,rain,"NIM00065125,65125099999,DNAA,remote,65112599999,NII0000DNAA"
"ABUJA, NIGERIA",2025-07-21,28,22.9,25,31.3,22.9,25.5,22.8,87.6,5,100,4.17,rain,0,0,11,11.4,258.7,1014.1,68.9,6.6,118.5,10.2,4,30,2025-07-21T06:19:27,2025-07-21T18:53:50,0.88,"Rain, Partially cloudy",Partly cloudy throughout the day with early morning rain.,rain,"NIM00065125,65125099999,DNAA,65112599999,NII0000DNAA,remote"
"ABUJA, NIGERIA",2025-07-22,28,22,24.6,31.9,22,25.1,22.7,89,6,100,4.17,rain,0,0,14.3,11.4,251.7,1014.6,66.9,5.8,117.8,10.4,5,30,2025-07-22T06:19:38,2025-07-22T18:53:43,0.92,"Rain, Partially cloudy",Partly cloudy throughout the day with afternoon rain.,rain,"NIM00065125,65125099999,DNAA,65112599999,NII0000DNAA,remote"
"ABUJA, NIGERIA",2025-07-23,27.7,22.9,24.8,31.1,22.9,25.4,23.1,90.6,4,100,4.17,rain,0,0,16.3,11.4,236.5,1014.2,75.9,7.3,142.1,12.2,6,10,2025-07-23T06:19:49,2025-07-23T18:53:35,0.95,"Rain, Partially cloudy",Partly cloudy throughout the day with late afternoon rain.,rain,"NIM00065125,65125099999,DNAA,65112599999,NII0000DNAA,remote"
"ABUJA, NIGERIA",2025-07-24,29,22.6,25.6,32.8,22.6,26.8,22.7,84.4,5.4,100,62.5,rain,0,0,16.6,11.4,229.9,1015.2,68.4,7.7,125.4,10.7,4,30,2025-07-24T06:20:00,2025-07-24T18:53:27,0,"Rain, Partially cloudy",Partly cloudy throughout the day with a chance of rain throughout the day.,rain,"NIM00065125,65125099999,DNAA,65112599999,NII0000DNAA,remote"
"ABUJA, NIGERIA",2025-07-25,29,22.8,25.5,32.8,22.8,26.6,23,86.2,6.2,100,58.33,rain,0,0,15.7,9.2,256,1014.9,62,7.9,177.2,15.5,7,30,2025-07-25T06:20:10,2025-07-25T18:53:18,0.02,"Rain, Partially cloudy",Partly cloudy throughout the day with a chance of rain throughout the day.,rain,"NIM00065125,65125099999,DNAA,remote,65112599999,NII0000DNAA"
"ABUJA, NIGERIA",2025-07-26,27,23,24.6,29.6,23,24.7,22.9,90.2,1.6,100,8.33,rain,0,0,12.8,12.8,249.7,1015.2,61.6,6.8,46.3,3.9,2,10,2025-07-26T06:20:20,2025-07-26T18:53:08,0.05,"Rain, Partially cloudy",Partly cloudy throughout the day with rain in the morning and afternoon.,rain,"NIM00065125,65125099999,DNAA,65112599999,NII0000DNAA,remote"
"ABUJA, NIGERIA",2025-07-27,27,23.4,24.6,29.2,23.4,24.7,22.6,88.9,0.9,100,4.17,rain,0,0,15.4,9.2,175.2,1016.3,69.9,6.4,106.5,9.1,4,30,2025-07-27T06:20:29,2025-07-27T18:52:57,0.09,"Rain, Partially cloudy",Partly cloudy throughout the day with afternoon rain.,rain,"NIM00065125,65125099999,DNAA,remote,65112599999,NII0000DNAA"
"ABUJA, NIGERIA",2025-07-28,27.6,22.8,25,30.3,22.8,25.6,22.4,85.4,4.4,100,58.33,rain,0,0,15.2,4.7,206,1015.3,68.3,7.8,151.2,13.1,7,30,2025-07-28T06:20:38,2025-07-28T18:52:46,0.12,"Rain, Partially cloudy",Partly cloudy throughout the day with a chance of rain throughout the day.,rain,"NIM00065125,65125099999,DNAA,65112599999,NII0000DNAA,remote"
"ABUJA, NIGERIA",2025-07-29,30.1,23.4,26.5,35.6,23.4,28.3,22.8,80.3,3,100,4.17,rain,0,0,14.8,10.3,241.4,1015.1,65.1,9,197.2,17,7,60,2025-07-29T06:20:46,2025-07-29T18:52:33,0.15,"Rain, Partially cloudy",Partly cloudy throughout the day with early morning rain.,rain,"NIM00065125,65125099999,DNAA,65112599999,NII0000DNAA,remote"
"ABUJA, NIGERIA",2025-07-30,28,23.6,25.5,32,23.6,26.2,22.9,85.8,9,100,37.5,rain,0,0,15.2,9.2,231.6,1015.5,78.3,9.9,182.5,15.9,8,30,2025-07-30T06:20:55,2025-07-30T18:52:20,0.18,"Rain, Partially cloudy",Partly cloudy throughout the day with rain.,rain,"NIM00065125,65125099999,DNAA,remote,65112599999,NII0000DNAA"
"ABUJA, NIGERIA",2025-07-31,27,22,24.9,29.2,22,25.1,22.3,85.7,50,100,66.67,rain,0,0,17,11.4,238.3,1016.6,70.1,6,41.9,3.7,2,10,2025-07-31T06:21:02,2025-07-31T18:52:06,0.21,"Rain, Partially cloudy",Partly cloudy throughout the day with a chance of rain throughout the day.,rain,"NIM00065125,65125099999,DNAA,65112599999,NII0000DNAA,remote"
"ABUJA, NIGERIA",2025-08-01,26,22,23.6,26,22,23.6,22.1,91.7,2,100,4.17,rain,0,0,16.3,10.3,273.4,1017.4,77.2,6.3,136,11.8,5,10,2025-08-01T06:21:10,2025-08-01T18:51:52,0.25,"Rain, Partially cloudy",Partly cloudy throughout the day with afternoon rain.,rain,"NIM00065125,65125099999,DNAA,65112599999,NII0000DNAA,remote"
"ABUJA, NIGERIA",2025-08-02,29,23,25.5,33.6,23,26.7,23.1,86.9,1.6,100,25,rain,0,0,17,9.2,262.4,1015.8,65.1,5.8,151.1,13.1,5,30,2025-08-02T06:21:16,2025-08-02T18:51:36,0.28,"Rain, Partially cloudy",Partly cloudy throughout the day with rain.,rain,"NIM00065125,65125099999,DNAA,65112599999,NII0000DNAA,remote"
"ABUJA, NIGERIA",2025-08-03,26,23,24.9,26,23,24.9,22.7,87.6,0.1,100,4.17,rain,0,0,16.3,8.1,232.4,1015,49.7,6.4,147.5,12.7,6,30,2025-08-03T06:21:23,2025-08-03T18:51:20,0.31,"Rain, Partially cloudy",Partly cloudy throughout the day with afternoon rain.,rain,"NIM00065125,65125099999,DNAA,65112599999,NII0000DNAA,remote"
"ABUJA, NIGERIA",2025-08-04,28,21,24.6,30.7,21,25.3,21.7,84.3,4.8,100,29.17,rain,0,0,20.6,13.9,199.5,1015.5,59.5,8.1,151.1,13,5,30,2025-08-04T06:21:29,2025-08-04T18:51:03,0.34,"Rain, Partially cloudy",Partly cloudy throughout the day with rain.,rain,"NIM00065125,65125099999,DNAA,65112599999,NII0000DNAA,remote"
"ABUJA, NIGERIA",2025-08-05,28,22.6,25,31.2,22.6,25.5,22.9,88.8,4.6,100,54.17,rain,0,0,15,11.4,213.5,1016.8,73.3,7.3,103.4,9,4,30,2025-08-05T06:21:34,2025-08-05T18:50:45,0.38,"Rain, Partially cloudy",Partly cloudy throughout the day with a chance of rain throughout the day.,rain,"NIM00065125,65125099999,DNAA,65112599999,NII0000DNAA,remote"
"ABUJA, NIGERIA",2025-08-06,27,22.3,24.4,30.2,22.3,24.9,23,91.9,16,100,8.33,rain,0,0,14.8,11.4,293.8,1014.8,66.8,6.9,87.5,7.7,4,30,2025-08-06T06:21:39,2025-08-06T18:50:27,0.41,"Rain, Partially cloudy",Partly cloudy throughout the day with rain in the morning and afternoon.,rain,"NIM00065125,65125099999,DNAA,remote,65112599999,NII0000DNAA"
"ABUJA, NIGERIA",2025-08-07,29,23,25.7,33.6,23,27.1,23.2,86.5,3,100,4.17,rain,0,0,15.4,12.8,307.9,1013,66.1,6.2,149.6,12.9,6,30,2025-08-07T06:21:44,2025-08-07T18:50:07,0.44,"Rain, Partially cloudy",Partly cloudy throughout the day with afternoon rain.,rain,"NIM00065125,65125099999,DNAA,65112599999,NII0000DNAA"
"ABUJA, NIGERIA",2025-08-08,28,24,25.3,31.3,24,25.7,22.6,85.5,11,100,8.33,rain,0,0,17.4,12.8,271.9,1013.7,64.6,6.5,153.7,13.3,5,30,2025-08-08T06:21:48,2025-08-08T18:49:47,0.47,"Rain, Partially cloudy",Partly cloudy throughout the day with rain.,rain,"NIM00065125,65125099999,DNAA,65112599999,NII0000DNAA,remote"
"ABUJA, NIGERIA",2025-08-09,27,21.6,24.1,30.1,21.6,24.6,21.7,86.8,4.2,100,8.33,rain,0,0,15.9,12.8,252.2,1014.7,70.6,6.5,118.3,10.4,5,30,2025-08-09T06:21:52,2025-08-09T18:49:27,0.5,"Rain, Partially cloudy",Partly cloudy throughout the day with rain in the morning and afternoon.,rain,"NIM00065125,65125099999,DNAA,65112599999,NII0000DNAA,remote"
"ABUJA, NIGERIA",2025-08-10,31,21.9,25.4,34.6,21.9,26.3,22.2,83.8,6.9,100,41.67,rain,0,0,14.8,9.2,303.5,1013.8,60.5,7.6,206.7,17.8,8,30,2025-08-10T06:21:55,2025-08-10T18:49:05,0.54,"Rain, Partially cloudy",Partly cloudy throughout the day with a chance of rain throughout the day.,rain,"NIM00065125,65125099999,DNAA,65112599999,NII0000DNAA,remote"
"ABUJA, NIGERIA",2025-08-11,29,22.8,25,32.8,22.8,25.5,22.8,88.6,6,100,4.17,rain,0,0,13.9,11.4,295.5,1013.7,64.8,7.5,144,12.5,5,30,2025-08-11T06:21:58,2025-08-11T18:48:43,0.58,"Rain, Partially cloudy",Partly cloudy throughout the day with afternoon rain.,rain,"NIM00065125,65125099999,DNAA,remote,65112599999,NII0000DNAA"
"ABUJA, NIGERIA",2025-08-12,27,23,24.4,30.1,23,24.5,22.9,91.6,28,100,8.33,rain,0,0,18.1,10.3,311.9,1014.2,64.4,5.6,76.8,6.5,4,30,2025-08-12T06:22:01,2025-08-12T18:48:20,0.61,"Rain, Partially cloudy",Partly cloudy throughout the day with rain in the morning and afternoon.,rain,"NIM00065125,65125099999,DNAA,65112599999,NII0000DNAA"
"ABUJA, NIGERIA",2025-08-13,29,23,25.3,32.8,23,26.1,22.7,86.2,2.8,100,29.17,rain,0,0,13.9,10.3,264.7,1015.2,47.7,5.8,156.5,13.7,6,30,2025-08-13T06:22:03,2025-08-13T18:47:57,0.65,"Rain, Partially cloudy",Partly cloudy throughout the day with rain.,rain,"NIM00065125,65125099999,DNAA,65112599999,NII0000DNAA"
"ABUJA, NIGERIA",2025-08-14,26,22.6,24.4,26,22.6,24.4,22.3,88.6,10.1,100,54.17,rain,0,0,18.3,12.8,268.6,1016.2,60.4,6.5,124.3,10.6,5,10,2025-08-14T06:22:04,2025-08-14T18:47:33,0.68,"Rain, Partially cloudy",Partly cloudy throughout the day with a chance of rain throughout the day.,rain,"NIM00065125,65125099999,DNAA,65112599999,NII0000DNAA,remote"
"ABUJA, NIGERIA",2025-08-15,25,21.3,23.3,25,21.3,23.3,21.8,91.7,5.5,100,12.5,rain,0,0,15.7,12.8,316.8,1016.3,71,5.7,66.6,5.7,2,10,2025-08-15T06:22:06,2025-08-15T18:47:08,0.72,"Rain, Partially cloudy",Partly cloudy throughout the day with rain.,rain,"NIM00065125,65125099999,DNAA,65112599999,NII0000DNAA,remote"
"ABUJA, NIGERIA",2025-08-16,27,22,23.7,29.7,22,23.9,21.8,89.7,10.9,100,12.5,rain,0,0,19,11.4,307.2,1014.8,78.1,6.1,195.6,16.9,9,30,2025-08-16T06:22:06,2025-08-16T18:46:42,0.75,"Rain, Partially cloudy",Partly cloudy throughout the day with rain.,rain,"NIM00065125,65125099999,DNAA,65112599999,NII0000DNAA"
"ABUJA, NIGERIA",2025-08-17,27,23,24.7,29.3,23,24.9,21.9,84.7,10.8,100,66.67,rain,0,0,16.8,11.4,304.3,1014.7,70.2,6.6,115.3,9.8,5,10,2025-08-17T06:22:07,2025-08-17T18:46:16,0.79,"Rain, Partially cloudy",Partly cloudy throughout the day with a chance of rain throughout the day.,rain,"NIM00065125,65125099999,DNAA,65112599999,NII0000DNAA,remote"
"ABUJA, NIGERIA",2025-08-18,29,22,25.4,32.8,22,26.4,21.9,81.2,1.7,100,45.83,rain,0,0,18.6,10.3,256.8,1015.6,66.4,7.3,197.5,16.9,8,10,2025-08-18T06:22:07,2025-08-18T18:45:50,0.83,"Rain, Partially cloudy",Partly cloudy throughout the day with a chance of rain throughout the day.,rain,"NIM00065125,65125099999,DNAA,65112599999,NII0000DNAA,remote"
"ABUJA, NIGERIA",2025-08-19,30,23.2,25.9,34.1,23.2,26.9,22.3,81.2,0.8,100,20.83,rain,0,0,15.7,15,287.2,1015.5,51.1,7,217.2,18.7,8,30,2025-08-19T06:22:06,2025-08-19T18:45:22,0.86,"Rain, Partially cloudy",Partly cloudy throughout the day with rain.,rain,"NIM00065125,65125099999,DNAA,remote,65112599999,NII0000DNAA"
"ABUJA, NIGERIA",2025-08-20,27,21,23.9,29.7,21,24.1,22.2,90.7,6,100,4.17,rain,0,0,32.2,20.8,358.3,1015.3,49,6,192.3,16.5,8,30,2025-08-20T06:22:06,2025-08-20T18:44:55,0.9,"Rain, Partially cloudy",Partly cloudy throughout the day with late afternoon rain.,rain,"NIM00065125,65125099999,DNAA,65112599999,NII0000DNAA,remote"
"ABUJA, NIGERIA",2025-08-21,28,22,24.7,30.7,22,25.4,22.3,86.9,6.8,100,25,rain,0,0,15.7,11.4,307.1,1014.5,56.3,6.1,172.9,14.9,7,30,2025-08-21T06:22:04,2025-08-21T18:44:26,0.94,"Rain, Partially cloudy",Partly cloudy throughout the day with rain.,rain,"NIM00065125,65125099999,DNAA,65112599999,NII0000DNAA"
"ABUJA, NIGERIA",2025-08-22,28,22,25,31.9,22,25.8,22.8,87.9,8.5,100,54.17,rain,0,0,16.8,11.4,295.8,1014.2,61.4,6.3,106.6,9,5,30,2025-08-22T06:22:03,2025-08-22T18:43:57,0.97,"Rain, Partially cloudy",Partly cloudy throughout the day with a chance of rain throughout the day.,rain,"NIM00065125,65125099999,DNAA,65112599999,NII0000DNAA,remote"
"ABUJA, NIGERIA",2025-08-23,27.7,23.6,25,30,23.6,25.3,21.8,82.9,1.4,100,41.67,rain,0,0,19.7,8.1,257.8,1013.9,65.1,6.3,194.9,16.7,7,30,2025-08-23T06:22:01,2025-08-23T18:43:28,0,"Rain, Partially cloudy",Partly cloudy throughout the day with a chance of rain throughout the day.,rain,"NIM00065125,65125099999,DNAA,65112599999,NII0000DNAA,remote"
"ABUJA, NIGERIA",2025-08-24,28,23,24.8,30.7,23,25.3,22,85.4,2.8,100,45.83,rain,0,0,17.7,11.4,290.9,1014.6,55.1,6.6,160.3,13.9,6,10,2025-08-24T06:21:59,2025-08-24T18:42:58,0.04,"Rain, Partially cloudy",Partly cloudy throughout the day with a chance of rain throughout the day.,rain,"NIM00065125,65125099999,DNAA,65112599999,NII0000DNAA,remote"
"ABUJA, NIGERIA",2025-08-25,29,23,25.6,32.7,23,26.7,22.5,83.5,0.7,100,25,rain,0,0,20.8,10.3,332.9,1015.4,49.2,6.2,167.3,14.6,6,10,2025-08-25T06:21:56,2025-08-25T18:42:28,0.07,"Rain, Partially cloudy",Partly cloudy throughout the day with rain.,rain,"NIM00065125,DNAA,NII0000DNAA"
"ABUJA, NIGERIA",2025-08-26,25.1,22,23.8,25.1,22,23.8,22.5,92.3,11,100,75,rain,0,0,10.3,10.3,306.9,1015.3,68.3,5.7,69.4,6.1,3,10,2025-08-26T06:21:53,2025-08-26T18:41:57,0.1,"Rain, Partially cloudy",Partly cloudy throughout the day with a chance of rain throughout the day.,rain,"NIM00065125,DNAA,NII0000DNAA,remote"
"ABUJA, NIGERIA",2025-08-27,29,22,25.4,33.6,22,26.8,22.6,85.3,2.3,100,54.17,rain,0,0,16.8,10.3,314.3,1016.8,65.7,6.1,223.9,19.3,7,30,2025-08-27T06:21:50,2025-08-27T18:41:25,0.14,"Rain, Partially cloudy",Partly cloudy throughout the day with a chance of rain throughout the day.,rain,"NIM00065125,DNAA,NII0000DNAA,remote"
"ABUJA, NIGERIA",2025-08-28,30,24,25.8,34.1,24,26.6,22.3,81.6,5.6,100,54.17,rain,0,0,18.1,12.8,251.1,1015.2,40.6,6.6,193.6,16.9,7,30,2025-08-28T06:21:47,2025-08-28T18:40:54,0.17,"Rain, Partially cloudy",Partly cloudy throughout the day with rain.,rain,"NIM00065125,DNAA,NII0000DNAA,remote"
"ABUJA, NIGERIA",2025-08-29,26,23,24.1,26,23,24.1,22.6,91.4,3.6,100,75,rain,0,0,17.4,12.8,270.6,1014.3,68.7,5.6,79.8,7,3,30,2025-08-29T06:21:43,2025-08-29T18:40:21,0.2,"Rain, Partially cloudy",Partly cloudy throughout the day with a chance of rain throughout the day.,rain,"NIM00065125,DNAA,NII0000DNAA"
"ABUJA, NIGERIA",2025-08-30,27,22.2,24.1,29.1,22.2,24.3,22.5,91.1,44.6,100,83.33,rain,0,0,17.4,16.1,273.9,1015.4,68.1,6.5,64.5,5.3,2,30,2025-08-30T06:21:39,2025-08-30T18:39:49,0.23,"Rain, Partially cloudy",Partly cloudy throughout the day with a chance of rain throughout the day.,rain,"DNAA,NII0000DNAA,remote"
"ABUJA, NIGERIA",2025-08-31,30,22,25.4,33.2,22,26.3,21.8,81.7,2.3,100,25,rain,0,0,17,9.2,261.8,1016.3,43.1,6.6,232.4,20,8,30,2025-08-31T06:21:34,2025-08-31T18:39:16,0.25,"Rain, Partially cloudy",Partly cloudy throughout the day with rain.,rain,"DNAA,remote"
"ABUJA, NIGERIA",2025-09-01,32,23,26.5,36.7,23,28.2,22.4,79.5,2,100,41.67,rain,0,0,15.2,9.2,311.4,1014.9,55.5,6.8,233.1,20.1,8,30,2025-09-01T06:21:30,2025-09-01T18:38:42,0.3,"Rain, Partially cloudy",Partly cloudy throughout the day with rain.,rain,"DNAA,remote"
"ABUJA, NIGERIA",2025-09-02,27,23,25.2,29.5,23,25.4,22.2,83.7,9.3,100,75,rain,0,0,15.7,8.1,290.4,1014,54.9,7.6,182.2,15.7,7,30,2025-09-02T06:21:25,2025-09-02T18:38:09,0.33,"Rain, Partially cloudy",Partly cloudy throughout the day with a chance of rain throughout the day.,rain,"DNAA,remote,NII0000DNAA"
"ABUJA, NIGERIA",2025-09-03,28,22.7,25.7,31.1,22.7,26.7,22,80.8,4,100,87.5,rain,0,0,18.6,9.2,269.2,1013.9,67.4,7.4,197.4,16.9,7,30,2025-09-03T06:21:20,2025-09-03T18:37:35,0.36,"Rain, Partially cloudy",Partly cloudy throughout the day with a chance of rain throughout the day.,rain,"NIM00065125,DNAA,remote,NII0000DNAA"
"ABUJA, NIGERIA",2025-09-04,28,23,25.3,30.7,23,26,22.1,83,3.3,100,75,rain,0,0,13.9,5.8,15.7,1014.3,66,6.6,143.9,12.2,5,30,2025-09-04T06:21:15,2025-09-04T18:37:00,0.39,"Rain, Partially cloudy",Partly cloudy throughout the day with a chance of rain throughout the day.,rain,"NIM00065125,DNAA,remote,NII0000DNAA"
"ABUJA, NIGERIA",2025-09-05,32,22,26.3,34.9,22,27.4,21.9,78.6,0.3,100,12.5,rain,0,0,16.1,10.3,31.3,1014.2,32.1,6.2,171.4,14.7,7,30,2025-09-05T06:21:09,2025-09-05T18:36:26,0.43,"Rain, Partially cloudy",Partly cloudy throughout the day with afternoon rain.,rain,"NIM00065125,DNAA,NII0000DNAA"
"ABUJA, NIGERIA",2025-09-06,33,22,26.4,37,22,27.8,22.2,79.6,1.3,100,33.33,rain,0,0,11.9,9.2,314,1014.1,63,10.1,228.4,19.8,8,60,2025-09-06T06:21:04,2025-09-06T18:35:51,0.46,"Rain, Partially cloudy",Partly cloudy throughout the day with rain.,rain,"NIM00065125,DNAA,NII0000DNAA,remote"
"ABUJA, NIGERIA",2025-09-07,32.9,24,27.2,37.9,24,29.1,23.4,81.7,5,100,54.17,rain,0,0,11.6,10.3,251.4,1014.4,54.1,7.3,233.4,20.3,9,60,2025-09-07T06:20:58,2025-09-07T18:35:16,0.5,"Rain, Partially cloudy",Partly cloudy throughout the day with a chance of rain throughout the day.,rain,"NIM00065125,DNAA,NII0000DNAA,remote"
"ABUJA, NIGERIA",2025-09-08,29,22,25.5,33.6,22,26.6,22.9,85.9,11,100,87.5,rain,0,0,14.3,9.2,314.6,1014.1,66.8,7.1,130.7,11.2,4,60,2025-09-08T06:20:52,2025-09-08T18:34:41,0.52,"Rain, Partially cloudy",Partly cloudy throughout the day with a chance of rain throughout the day.,rain,"NIM00065125,DNAA,NII0000DNAA,remote"
"ABUJA, NIGERIA",2025-09-09,29.1,22.8,25.6,33.6,22.8,26.7,22.8,84.9,36.4,100,66.67,rain,0,0,13.2,8.1,315,1015.1,66.1,6.4,61.3,5.1,3,30,2025-09-09T06:20:46,2025-09-09T18:34:05,0.56,"Rain, Partially cloudy",Partly cloudy throughout the day with a chance of rain throughout the day.,rain,"NIM00065125,DNAA,NII0000DNAA,remote"
"ABUJA, NIGERIA",2025-09-10,31,23,26.7,36.5,23,28.8,23,81.2,1.1,100,37.5,rain,0,0,12.1,8.1,316.3,1015.6,46.3,6.2,216.9,18.7,8,60,2025-09-10T06:20:39,2025-09-10T18:33:30,0.6,"Rain, Partially cloudy",Partly cloudy throughout the day with rain.,rain,"NIM00065125,DNAA,NII0000DNAA"
"ABUJA, NIGERIA",2025-09-11,26,22,23.9,26,22,23.9,22.8,93.2,10.3,100,66.67,rain,0,0,13,8.1,147.9,1015.7,45,5.8,136.7,11.8,5,30,2025-09-11T06:20:33,2025-09-11T18:32:54,0.63,"Rain, Partially cloudy",Partly cloudy throughout the day with a chance of rain throughout the day.,rain,"NIM00065125,DNAA,NII0000DNAA,remote"
"ABUJA, NIGERIA",2025-09-12,28,22.7,24.8,31.9,22.7,25.6,22.7,88.8,6.8,100,50,rain,0,0,13.4,12.8,247.9,1014.7,52.7,5.5,145,12.6,5,30,2025-09-12T06:20:27,2025-09-12T18:32:18,0.67,"Rain, Partially cloudy",Partly cloudy throughout the day with rain.,rain,"NIM00065125,DNAA,NII0000DNAA"
"ABUJA, NIGERIA",2025-09-13,30.7,23,25.7,34,23,26.9,22.2,81.9,3.4,100,50,rain,0,0,13,12.8,278.7,1015.6,60.6,6.9,192.5,16.5,7,30,2025-09-13T06:20:20,2025-09-13T18:31:42,0.7,"Rain, Partially cloudy",Partly cloudy throughout the day with rain.,rain,"NIM00065125,DNAA,NII0000DNAA,remote"
"ABUJA, NIGERIA",2025-09-14,31,21,25.5,35.5,21,26.9,22.2,83.2,6.4,100,70.83,rain,0,0,16.3,10.3,327.6,1014.9,49.7,5.8,233.8,20.2,7,60,2025-09-14T06:20:14,2025-09-14T18:31:06,0.75,"Rain, Partially cloudy",Partly cloudy throughout the day with a chance of rain throughout the day.,rain,"NIM00065125,DNAA,NII0000DNAA"
"ABUJA, NIGERIA",2025-09-15,30,21,25,35,21,26.4,22.3,85.8,6.1,100,45.83,rain,0,0,21,13.9,296.9,1013.2,55,7.3,125.6,10.8,4,30,2025-09-15T06:20:07,2025-09-15T18:30:29,0.77,"Rain, Partially cloudy",Partly cloudy throughout the day with rain.,rain,"NIM00065125,DNAA,NII0000DNAA,remote"
"ABUJA, NIGERIA",2025-09-16,30.1,23.5,26.3,33.6,23.5,27.7,23,82.7,7.1,100,66.67,rain,0,0,19,9.2,222.8,1013.9,49.5,6.9,212.4,18.5,7,30,2025-09-16T06:20:01,2025-09-16T18:29:53,0.81,"Rain, Partially cloudy",Partly cloudy throughout the day with a chance of rain throughout the day.,rain,"NIM00065125,DNAA,NII0000DNAA,remote"
"ABUJA, NIGERIA",2025-09-17,32,23.4,26.9,35.7,23.4,28.6,23,80.7,13.5,100,66.67,rain,0,0,16.3,12.8,273.9,1013.4,61.1,8.4,242.8,21,9,60,2025-09-17T06:19:54,2025-09-17T18:29:17,0.84,"Rain, Partially cloudy",Partly cloudy throughout the day with a chance of rain throughout the day.,rain,"NIM00065125,DNAA,NII0000DNAA,remote"
"ABUJA, NIGERIA",2025-09-18,29,22.9,24.8,32.7,22.9,25.1,22.6,88.2,10.8,100,54.17,rain,0,0,13.2,13.9,238.3,1013.1,47.9,7.8,217.7,18.8,7,75,2025-09-18T06:19:48,2025-09-18T18:28:41,0.88,"Rain, Partially cloudy",Partly cloudy throughout the day with a chance of rain throughout the day.,rain,"NIM00065125,DNAA,NII0000DNAA,remote"
"ABUJA, NIGERIA",2025-09-19,30,21.7,24.8,35.1,21.7,26,22.1,85.8,3.1,100,29.17,rain,0,0,15,9.2,280.6,1013.8,54.3,9.4,203,17.4,6,75,2025-09-19T06:19:41,2025-09-19T18:28:04,0.92,"Rain, Partially cloudy",Partly cloudy throughout the day with rain.,rain,"NIM00065125,DNAA,remote,NII0000DNAA"
"ABUJA, NIGERIA",2025-09-20,27,22,24.1,29.6,22,24.4,21.8,87.1,2.6,100,20.83,rain,0,0,12.5,9.2,262.3,1014.6,60.2,6.5,189.7,16.3,7,30,2025-09-20T06:19:35,2025-09-20T18:27:28,0.95,"Rain, Partially cloudy",Partly cloudy throughout the day with rain.,rain,"NIM00065125,DNAA,NII0000DNAA,remote"
"ABUJA, NIGERIA",2025-09-21,31,21,25.3,35.5,21,26.5,22.3,84.9,2.9,100,25,rain,0,0,13.9,20.8,339.1,1014.1,32.7,6.4,241,20.7,8,60,2025-09-21T06:19:28,2025-09-21T18:26:52,0,"Rain, Partially cloudy",Partly cloudy throughout the day with rain.,rain,"NIM00065125,DNAA,NII0000DNAA,remote"
"ABUJA, NIGERIA",2025-09-22,29.1,22,25.3,33.6,22,26.6,22.5,85.3,9.1,100,50,rain,0,0,15.9,13.9,309.7,1014,79.5,8.7,163.5,14.1,6,60,2025-09-22T06:19:22,2025-09-22T18:26:16,0.02,"Rain, Partially cloudy",Partly cloudy throughout the day with a chance of rain throughout the day.,rain,"NIM00065125,DNAA,NII0000DNAA,remote"
"ABUJA, NIGERIA",2025-09-23,30,23,25.9,35.1,23,27.3,22.4,81.4,7,100,62.5,rain,0,0,11.9,9.2,208.4,1015,50,6.6,75.7,6.4,2,30,2025-09-23T06:19:16,2025-09-23T18:25:40,0.05,"Rain, Partially cloudy",Partly cloudy throughout the day with a chance of rain throughout the day.,rain,"NIM00065125,DNAA,NII0000DNAA,remote"
"ABUJA, NIGERIA",2025-09-24,30,23,25.7,34.1,23,26.6,21.8,79.4,6,100,87.5,rain,0,0,15.9,11.4,266.6,1016,51.9,7.3,174.2,15.1,7,30,2025-09-24T06:19:10,2025-09-24T18:25:04,0.09,"Rain, Partially cloudy",Partly cloudy throughout the day with a chance of rain throughout the day.,rain,"NIM00065125,DNAA,NII0000DNAA,remote"
"ABUJA, NIGERIA",2025-09-25,29,23,25.1,33.6,23,25.7,22.2,84.5,17,100,83.33,rain,0,0,16.1,8.1,295.5,1015.4,60.8,6.4,201.3,17.4,7,30,2025-09-25T06:19:04,2025-09-25T18:24:28,0.12,"Rain, Partially cloudy",Partly cloudy throughout the day with a chance of rain throughout the day.,rain,"NIM00065125,DNAA,NII0000DNAA,remote"
"ABUJA, NIGERIA",2025-09-26,31,22,26.3,35.5,22,28.1,22.9,82.8,9.7,100,91.67,rain,0,0,13,8.1,243.3,1013.9,58.5,6.8,207.2,17.8,8,30,2025-09-26T06:18:58,2025-09-26T18:23:53,0.15,"Rain, Partially cloudy",Partly cloudy throughout the day with a chance of rain throughout the day.,rain,"NIM00065125,DNAA,remote,NII0000DNAA"
"ABUJA, NIGERIA",2025-09-27,30.7,23,26.4,35.7,23,28,23.1,82.9,3.7,100,41.67,rain,0,0,15.7,4.7,149.7,1013.1,50.4,9.6,227.1,19.7,8,60,2025-09-27T06:18:52,2025-09-27T18:23:17,0.18,"Rain, Partially cloudy",Partly cloudy throughout the day with rain.,rain,"NIM00065125,DNAA,NII0000DNAA,remote"
"ABUJA, NIGERIA",2025-09-28,33,22,26.4,39.5,22,28.3,23.6,84.8,13.9,100,66.67,rain,0,0,43.8,31.1,352.2,1014.1,53.1,6.1,201.7,17.4,9,60,2025-09-28T06:18:47,2025-09-28T18:22:42,0.22,"Rain, Partially cloudy",Partly cloudy throughout the day with a chance of rain throughout the day.,rain,"NIM00065125,DNAA,NII0000DNAA,remote"
"ABUJA, NIGERIA",2025-09-29,30,21,25.5,35,21,27,21.7,80.2,2.7,100,41.67,rain,0,0,13.2,8.1,13.9,1014.6,62.6,7.5,207.1,17.8,7,60,2025-09-29T06:18:42,2025-09-29T18:22:07,0.25,"Rain, Partially cloudy",Partly cloudy throughout the day with rain.,rain,"NIM00065125,DNAA,remote,NII0000DNAA"
"ABUJA, NIGERIA",2025-09-30,31,22,26.3,37.7,22,28.6,23.4,84.9,8.7,100,37.5,rain,0,0,14.8,11.4,293.1,1013.7,57.1,7.7,208.1,18,7,60,2025-09-30T06:18:37,2025-09-30T18:21:33,0.25,"Rain, Partially cloudy",Partly cloudy throughout the day with rain.,rain,"NIM00065125,DNAA,NII0000DNAA,remote"
"ABUJA, NIGERIA",2025-10-01,30,21.9,25.4,35.1,21.9,26.8,22.5,85,14.6,100,62.5,rain,0,0,17.7,23,225.4,1014.2,58.4,6.3,193.8,16.7,7,60,2025-10-01T06:18:32,2025-10-01T18:20:58,0.31,"Rain, Partially cloudy",Partly cloudy throughout the day with a chance of rain throughout the day.,rain,"NIM00065125,DNAA,NII0000DNAA,remote"
"ABUJA, NIGERIA",2025-10-02,27,21,24.1,29.6,21,24.2,22.3,89.9,0.1,100,4.17,rain,0,0,11.9,9.2,207.4,1015.2,58.4,6.8,107.2,9.1,4,10,2025-10-02T06:18:28,2025-10-02T18:20:24,0.35,"Rain, Partially cloudy",Partly cloudy throughout the day with early morning rain.,rain,"NIM00065125,DNAA,NII0000DNAA,remote"
"ABUJA, NIGERIA",2025-10-03,32,21,25.7,37.9,21,27.5,22.7,84.7,5.7,100,20.83,rain,0,0,17.7,11.4,286.2,1014.1,54.5,6.5,282.6,24.5,10,60,2025-10-03T06:18:24,2025-10-03T18:19:51,0.38,"Rain, Partially cloudy",Partly cloudy throughout the day with rain.,rain,"NIM00065125,DNAA,remote,NII0000DNAA"
"ABUJA, NIGERIA",2025-10-04,32,21,26.6,39.2,21,29.4,23.1,82.1,2.1,100,37.5,rain,0,0,14.5,20.8,342.4,1013.1,48.1,6.4,246.4,21.4,8,60,2025-10-04T06:18:20,2025-10-04T18:19:17,0.41,"Rain, Partially cloudy",Partly cloudy throughout the day with rain.,rain,"NIM00065125,DNAA,NII0000DNAA,remote"
"ABUJA, NIGERIA",2025-10-05,30,21,24.8,36.2,21,26.1,22.2,86,20.6,100,83.33,rain,0,0,16.8,10.3,241.7,1013.6,55.9,6.4,195.2,16.9,6,60,2025-10-05T06:18:16,2025-10-05T18:18:44,0.44,"Rain, Partially cloudy",Partly cloudy throughout the day with a chance of rain throughout the day.,rain,"NIM00065125,DNAA,NII0000DNAA,remote"
"ABUJA, NIGERIA",2025-10-06,29,21,24.6,32,21,25.5,21.6,84.2,21.1,100,45.83,rain,0,0,18.3,11.4,30.2,1014.4,66.7,6.4,176.7,15.4,7,30,2025-10-06T06:18:13,2025-10-06T18:18:12,0.48,"Rain, Partially cloudy",Partly cloudy throughout the day with rain.,rain,"NIM00065125,DNAA,NII0000DNAA,remote"
"ABUJA, NIGERIA",2025-10-07,29,21.8,24.7,32.7,21.8,25.8,22.1,86.2,25.2,100,66.67,rain,0,0,19.5,13.9,154.9,1014,63.2,8.4,96.8,8.4,5,30,2025-10-07T06:18:10,2025-10-07T18:17:40,0.5,"Rain, Partially cloudy",Partly cloudy throughout the day with a chance of rain throughout the day.,rain,"NIM00065125,DNAA,NII0000DNAA,remote"
"ABUJA, NIGERIA",2025-10-08,30,22.2,26.3,33.3,22.2,27.5,22,78.4,0,0,0,,0,0,15.9,9.2,230.7,1014,50.9,7.3,266.2,23.2,9,30,2025-10-08T06:18:08,2025-10-08T18:17:08,0.55,Partially cloudy,Partly cloudy throughout the day.,partly-cloudy-day,"NIM00065125,DNAA,NII0000DNAA,remote"
"ABUJA, NIGERIA",2025-10-09,32,22.2,26.1,36.8,22.2,27.8,22.6,81.9,1.7,100,16.67,rain,0,0,20.6,8.1,26.9,1013.8,51.2,7.3,227.7,19.6,8,30,2025-10-09T06:18:06,2025-10-09T18:16:37,0.58,"Rain, Partially cloudy",Partly cloudy throughout the day with rain in the morning and afternoon.,rain,"NIM00065125,DNAA,NII0000DNAA,remote"
"ABUJA, NIGERIA",2025-10-10,29,21,24.9,32.8,21,25.7,22.3,86,7.1,100,54.17,rain,0,0,21,11.4,163.7,1013.7,35.4,6.6,125.2,10.8,6,60,2025-10-10T06:18:04,2025-10-10T18:16:06,0.61,"Rain, Partially cloudy",Clearing in the afternoon with a chance of rain throughout the day.,rain,"NIM00065125,DNAA,NII0000DNAA,remote"
"ABUJA, NIGERIA",2025-10-11,31,21,25.2,36.5,21,26.3,22.5,86.4,13.3,100,29.17,rain,0,0,18.3,10.3,340.4,1012.4,61.3,6.6,241.9,20.9,8,60,2025-10-11T06:18:03,2025-10-11T18:15:36,0.65,"Rain, Partially cloudy",Partly cloudy throughout the day with rain.,rain,"NIM00065125,DNAA,NII0000DNAA,remote"
"ABUJA, NIGERIA",2025-10-12,28.9,22,24.5,31.4,22,24.9,21.1,81.6,0.9,100,29.17,rain,0,0,31.1,17.2,211.6,1012.5,56.5,8.4,108.7,9.4,4,30,2025-10-12T06:18:02,2025-10-12T18:15:06,0.68,"Rain, Partially cloudy",Partly cloudy throughout the day with rain.,rain,"NIM00065125,DNAA,NII0000DNAA,remote"
"ABUJA, NIGERIA",2025-10-13,32,22,25,36.8,22,26.2,22.2,85.8,0.3,100,8.33,rain,0,0,13.6,15,318.7,1012.5,60,6.2,139.1,12.1,5,60,2025-10-13T06:18:02,2025-10-13T18:14:37,0.75,"Rain, Partially cloudy",Partly cloudy throughout the day with late afternoon rain.,rain,"NIM00065125,DNAA,NII0000DNAA,remote"
"ABUJA, NIGERIA",2025-10-14,30,22,25.2,35.2,22,26.5,22.4,85.9,1.4,100,12.5,rain,0,0,12.8,9.2,37.4,1013.5,50.2,6.9,211.8,18.4,8,30,2025-10-14T06:18:02,2025-10-14T18:14:09,0.75,"Rain, Partially cloudy",Becoming cloudy in the afternoon with rain.,rain,"NIM00065125,DNAA,NII0000DNAA,remote"
"ABUJA, NIGERIA",2025-10-15,31,23,25.7,36.5,23,27.1,22.5,83.8,11.2,100,29.17,rain,0,0,17.9,18.3,245.9,1013.4,49.1,6.2,213.7,18.6,7,30,2025-10-15T06:18:03,2025-10-15T18:13:41,0.79,"Rain, Partially cloudy",Partly cloudy throughout the day with rain.,rain,"NIM00065125,DNAA,NII0000DNAA"
"ABUJA, NIGERIA",2025-10-16,30.1,22,26,34.1,22,27.5,23,84.3,4,100,20.83,rain,0,0,18.1,8.1,223.5,1012.8,42.7,6.2,218.3,18.9,8,30,2025-10-16T06:18:04,2025-10-16T18:13:14,0.82,"Rain, Partially cloudy",Partly cloudy throughout the day with rain.,rain,"NIM00065125,DNAA,NII0000DNAA,remote"
"ABUJA, NIGERIA",2025-10-17,33,22.6,26.6,39.3,22.6,29,23.1,82.3,3.3,100,16.67,rain,0,0,19.7,15,258.9,1012.6,33.7,6.8,246.8,21.5,9,30,2025-10-17T06:18:06,2025-10-17T18:12:47,0.86,"Rain, Partially cloudy",Partly cloudy throughout the day with rain.,rain,"NIM00065125,DNAA,NII0000DNAA,remote"
"ABUJA, NIGERIA",2025-10-18,33,21,27,40.5,21,30.1,22.7,78.4,0.3,100,8.33,rain,0,0,18.6,8.1,319.5,1013.2,28.4,6.2,230,19.9,8,10,2025-10-18T06:18:08,2025-10-18T18:12:21,0.89,"Rain, Partially cloudy",Partly cloudy throughout the day with morning rain.,rain,"NIM00065125,DNAA,NII0000DNAA"
"ABUJA, NIGERIA",2025-10-19,32.5,24,28,39.1,24,30.5,23.7,78.8,0.2,100,4.17,rain,0,0,13.4,10.3,313.5,1013.3,24.6,8.4,273.1,23.6,9,30,2025-10-19T06:18:11,2025-10-19T18:11:56,0.93,"Rain, Partially cloudy",Partly cloudy throughout the day with afternoon rain.,rain,"NIM00065125,DNAA,NII0000DNAA,remote"
"ABUJA, NIGERIA",2025-10-20,32,24,27.2,37.9,24,29,22.8,77.9,0.3,100,8.33,rain,0,0,12.5,11.4,285.9,1013.2,38.6,6.9,238.1,20.6,9,30,2025-10-20T06:18:14,2025-10-20T18:11:31,0.96,"Rain, Partially cloudy",Partly cloudy throughout the day with afternoon rain.,rain,"NIM00065125,DNAA,NII0000DNAA,remote"
"ABUJA, NIGERIA",2025-10-21,33,23,27.7,39.2,23,30.3,22.9,76.3,0.2,100,4.17,rain,0,0,16.1,9.2,318.3,1012.3,28.7,7.3,260.4,22.4,9,30,2025-10-21T06:18:18,2025-10-21T18:11:08,0,"Rain, Partially cloudy",Partly cloudy throughout the day with afternoon rain.,rain,"NIM00065125,DNAA,NII0000DNAA,remote"
"ABUJA, NIGERIA",2025-10-22,33,24.4,27.1,40.5,24.4,28.6,22.6,77.4,0.1,100,4.17,rain,0,0,13.2,11.4,189,1012.5,31.4,8,269.5,23.4,9,30,2025-10-22T06:18:23,2025-10-22T18:10:45,0.03,"Rain, Partially cloudy",Becoming cloudy in the afternoon with afternoon rain.,rain,"NIM00065125,DNAA,NII0000DNAA,remote"
"ABUJA, NIGERIA",2025-10-23,33,22,26.1,39.3,22,27.8,23,84.7,2.7,100,20.83,rain,0,0,16.3,9.2,330.3,1013.2,51.3,8,233.6,20.3,8,30,2025-10-23T06:18:28,2025-10-23T18:10:22,0.06,"Rain, Partially cloudy",Partly cloudy throughout the day with rain.,rain,"NIM00065125,DNAA,remote,NII0000DNAA"
"ABUJA, NIGERIA",2025-10-24,32,23,26,37.9,23,27.7,22.8,83.5,0.2,100,4.17,rain,0,0,28.9,16.1,122.2,1014,48.1,6.7,228.4,19.8,9,30,2025-10-24T06:18:33,2025-10-24T18:10:01,0.1,"Rain, Partially cloudy",Partly cloudy throughout the day with afternoon rain.,rain,"NIM00065125,DNAA,NII0000DNAA,remote"
"ABUJA, NIGERIA",2025-10-25,32,23,27.1,37.9,23,29.2,23,79.4,0.1,100,4.17,rain,0,0,13.2,8.1,312.1,1013.6,29.2,7.7,236.6,20.4,9,30,2025-10-25T06:18:40,2025-10-25T18:09:40,0.13,"Rain, Partially cloudy",Partly cloudy throughout the day with afternoon rain.,rain,"NIM00065125,DNAA,NII0000DNAA,remote"
"ABUJA, NIGERIA",2025-10-26,32,23,27.1,39.2,23,29.1,23.5,81.9,0,0,0,,0,0,15.7,8.1,51.5,1013,35.6,6.1,257.8,22.4,9,10,2025-10-26T06:18:47,2025-10-26T18:09:20,0.16,Partially cloudy,Partly cloudy throughout the day.,partly-cloudy-day,"NIM00065125,DNAA,NII0000DNAA"
"ABUJA, NIGERIA",2025-10-27,33,23,27.7,39.2,23,30.5,23.2,78,0,0,0,,0,0,11.9,11.4,284.3,1012,24.8,7.7,261.8,22.7,9,10,2025-10-27T06:18:55,2025-10-27T18:09:01,0.2,Partially cloudy,Partly cloudy throughout the day.,partly-cloudy-day,"NIM00065125,DNAA,NII0000DNAA,remote"
"ABUJA, NIGERIA",2025-10-28,31,24,26.2,37.7,24,27.6,23.2,84.5,5.2,100,12.5,rain,0,0,19.7,11.4,297.6,1012.5,38.3,7.3,213.5,18.5,8,10,2025-10-28T06:19:03,2025-10-28T18:08:43,0.23,"Rain, Partially cloudy",Partly cloudy throughout the day with rain.,rain,"NIM00065125,DNAA,remote,NII0000DNAA"
"ABUJA, NIGERIA",2025-10-29,32.1,23.4,27.3,37,23.4,29.2,23.1,79.4,0,0,0,,0,0,11.6,8.1,309.9,1013.3,39.6,6.8,233.8,20.3,9,10,2025-10-29T06:19:12,2025-10-29T18:08:26,0.25,Partially cloudy,Partly cloudy throughout the day.,partly-cloudy-day,"NIM00065125,DNAA,NII0000DNAA,remote"
"ABUJA, NIGERIA",2025-10-30,32.2,24,27.5,37.9,24,29.8,23.6,80.9,0,0,0,,0,0,12.1,8.1,316.9,1013.2,41.5,6.6,209.7,18.3,8,10,2025-10-30T06:19:22,2025-10-30T18:08:10,0.3,Partially cloudy,Partly cloudy throughout the day.,partly-cloudy-day,"NIM00065125,DNAA,NII0000DNAA,remote"
"ABUJA, NIGERIA",2025-10-31,33,23,27.9,38.1,23,30.2,23.3,77.7,0,0,0,,0,0,11.9,8.1,311.9,1013.6,32.4,6.9,263.8,22.9,9,10,2025-10-31T06:19:32,2025-10-31T18:07:54,0.33,Partially cloudy,Partly cloudy throughout the day.,partly-cloudy-day,"NIM00065125,DNAA,NII0000DNAA,remote"
"ABUJA, NIGERIA",2025-11-01,33,23.1,26.6,38.1,23.1,28.2,23.1,82.2,0,0,0,,0,0,9.2,16.1,110.4,1013.8,24.2,6.2,252.9,21.8,9,10,2025-11-01T06:19:43,2025-11-01T18:07:40,0.36,Partially cloudy,Partly cloudy throughout the day.,partly-cloudy-day,"NIM00065125,DNAA,NII0000DNAA"
"ABUJA, NIGERIA",2025-11-02,34,22,27.6,38.3,22,29.7,22.4,75.5,0,0,0,,0,0,10.7,6.9,336.9,1013,23.8,6.9,266.5,23,9,10,2025-11-02T06:19:55,2025-11-02T18:07:26,0.4,Partially cloudy,Partly cloudy throughout the day.,partly-cloudy-day,"NIM00065125,DNAA,remote,NII0000DNAA"
"ABUJA, NIGERIA",2025-11-03,34,23,28.3,38.3,23,30.6,22,70.5,0.1,100,4.17,rain,0,0,13.4,6.9,254.7,1013.3,28,7.3,246.2,21.4,9,10,2025-11-03T06:20:07,2025-11-03T18:07:14,0.43,"Rain, Partially cloudy",Partly cloudy throughout the day with afternoon rain.,rain,"NIM00065125,DNAA,remote,NII0000DNAA"
"ABUJA, NIGERIA",2025-11-04,34,23,28.2,40.6,23,31.2,23.2,75.5,0.5,100,8.33,rain,0,0,19,9.2,306.8,1014,27,7.7,229.7,20,8,10,2025-11-04T06:20:20,2025-11-04T18:07:02,0.46,"Rain, Partially cloudy",Partly cloudy throughout the day with rain.,rain,"NIM00065125,DNAA,remote,NII0000DNAA"
"ABUJA, NIGERIA",2025-11-05,35,25,29.1,39.5,25,32.3,23.8,75,2.7,100,25,rain,0,0,17.2,8.1,268.5,1013.4,20.5,6.6,234.9,20.3,9,10,2025-11-05T06:20:34,2025-11-05T18:06:51,0.5,"Rain, Partially cloudy",Partly cloudy throughout the day with rain.,rain,"NIM00065125,DNAA,NII0000DNAA,remote"
"ABUJA, NIGERIA",2025-11-06,33.2,24,28,36.8,24,29.8,22.8,75.8,0.4,100,8.33,rain,0,0,12.1,6.9,208.1,1011.9,15.3,9.5,252.7,21.8,9,10,2025-11-06T06:20:49,2025-11-06T18:06:42,0.53,Rain,Clear conditions throughout the day with afternoon rain.,rain,"NIM00065125,DNAA,NII0000DNAA,remote"
"ABUJA, NIGERIA",2025-11-07,34,23.3,28.5,39.4,23.3,30.5,22.7,73.1,0.4,100,8.33,rain,0,0,19.7,8.1,229.8,1011.8,43.5,9.1,241,21,9,10,2025-11-07T06:21:04,2025-11-07T18:06:33,0.56,"Rain, Partially cloudy",Partly cloudy throughout the day with rain.,rain,"NIM00065125,DNAA,NII0000DNAA,remote"
"ABUJA, NIGERIA",2025-11-08,34,22.6,28.2,38.3,22.6,30.3,22.7,74,0,0,0,,0,0,15.4,8.1,348.5,1012.7,36.1,7.3,263.1,22.7,9,10,2025-11-08T06:21:20,2025-11-08T18:06:25,0.6,Partially cloudy,Partly cloudy throughout the day.,partly-cloudy-day,"NIM00065125,DNAA,NII0000DNAA,remote"
"ABUJA, NIGERIA",2025-11-09,35,21,27.5,36.9,21,28.6,20.4,68.1,0,0,0,,0,0,14.8,9.2,252.6,1013.2,22.2,6.6,254.2,22.1,9,10,2025-11-09T06:21:37,2025-11-09T18:06:19,0.63,Partially cloudy,Clearing in the afternoon.,partly-cloudy-day,"NIM00065125,DNAA,NII0000DNAA,remote"
"ABUJA, NIGERIA",2025-11-10,33.4,23,28,38.1,23,30.1,22.1,72.3,0,0,0,,0,0,14.5,6.9,293,1012.7,18,7.7,248.6,21.5,9,10,2025-11-10T06:21:54,2025-11-10T18:06:13,0.67,Clear,Clear conditions throughout the day.,clear-day,"NIM00065125,DNAA,NII0000DNAA,remote"
"ABUJA, NIGERIA",2025-11-11,34.9,23,28.9,36.1,23,30.3,21,66.5,0,0,0,,0,0,14.3,8.1,104.4,1011.6,20,7.3,250.7,21.7,9,10,2025-11-11T06:22:12,2025-11-11T18:06:09,0.7,Clear,Becoming cloudy in the afternoon.,clear-day,"NIM00065125,DNAA,NII0000DNAA,remote"
"ABUJA, NIGERIA",2025-11-12,36,22.3,28.2,37,22.3,29.2,20,65,0,0,0,,0,0,11.4,9.2,169.3,1011.8,23.1,7.3,259.8,22.5,9,10,2025-11-12T06:22:31,2025-11-12T18:06:05,0.75,Partially cloudy,Partly cloudy throughout the day.,partly-cloudy-day,"NIM00065125,DNAA,NII0000DNAA,remote"
"ABUJA, NIGERIA",2025-11-13,34,21.6,27.5,37.3,21.6,29.1,21.1,70.3,0,0,0,,0,0,10.5,6.9,294.3,1013.9,48.8,8.4,255.5,22.2,9,10,2025-11-13T06:22:50,2025-11-13T18:06:03,0.77,Partially cloudy,Partly cloudy throughout the day.,partly-cloudy-day,"NIM00065125,DNAA,remote,NII0000DNAA"
"ABUJA, NIGERIA",2025-11-14,36,22,28.9,38.4,22,29.7,19.8,62.7,0,0,0,,0,0,14.3,9.2,139.2,1014,19,8,268.3,23.1,9,10,2025-11-14T06:23:10,2025-11-14T18:06:01,0.8,Clear,Clear conditions throughout the day.,clear-day,"DNAA,remote"
"ABUJA, NIGERIA",2025-11-15,36,23,28.8,35.8,23,28.4,16.7,54.4,0,0,0,,0,0,19.2,13.9,141.6,1013,31.7,6.4,271.1,23.5,9,10,2025-11-15T06:23:31,2025-11-15T18:06:01,0.84,Partially cloudy,Partly cloudy throughout the day.,partly-cloudy-day,"DNAA,remote"
"ABUJA, NIGERIA",2025-11-16,35,21,27.8,33.4,21,27.3,15.2,50.4,0,0,0,,0,0,14.3,6.9,138.2,1012.6,17.7,8.2,267.4,23.1,9,10,2025-11-16T06:23:52,2025-11-16T18:06:02,0.87,Clear,Clear conditions throughout the day.,clear-day,"DNAA,remote"
"ABUJA, NIGERIA",2025-11-17,36,20,27.2,34.7,20,26.7,14.9,52,0,0,0,,0,0,11.4,8.1,105.3,1013.3,11.8,7.7,268.9,23.2,9,10,2025-11-17T06:24:14,2025-11-17T18:06:03,0.9,Clear,Clear conditions throughout the day.,clear-day,"DNAA,remote"
"ABUJA, NIGERIA",2025-11-18,35,19.4,27.2,35.1,19.4,27.3,16.5,55.4,0,0,0,,0,0,13.9,8.1,357.2,1012.3,31.8,7.7,263.8,22.9,9,10,2025-11-18T06:24:37,2025-11-18T18:06:06,0.94,Partially cloudy,Partly cloudy throughout the day.,partly-cloudy-day,"DNAA,remote"
"ABUJA, NIGERIA",2025-11-19,36,21,28.1,36.2,21,28.2,17.4,56.9,0,0,0,,0,0,13.2,8.1,189.4,1011.9,7.4,6.9,263,22.9,9,10,2025-11-19T06:25:00,2025-11-19T18:06:10,0.97,Clear,Clear conditions throughout the day.,clear-day,"DNAA,remote"
"ABUJA, NIGERIA",2025-11-20,37,21,28.8,37.3,21,29.3,18.5,58,0,0,0,,0,0,14.5,6.9,165.8,1011.7,11.9,6.6,265.6,22.9,9,10,2025-11-20T06:25:24,2025-11-20T18:06:15,0,Clear,Clear conditions throughout the day.,clear-day,"DNAA,remote"
"ABUJA, NIGERIA",2025-11-21,35,23,28.6,38.4,23,30,20.3,62.8,0,0,0,,0,0,13.4,5.8,303.6,1012,28.7,7.3,257.6,22.4,9,10,2025-11-21T06:25:49,2025-11-21T18:06:21,0.04,Partially cloudy,Partly cloudy throughout the day.,partly-cloudy-day,"DNAA,remote"
"ABUJA, NIGERIA",2025-11-22,35,22.6,28.5,38.4,22.6,29.3,19.3,60.9,0,0,0,,0,0,11.9,6.9,225.8,1012,54.4,9.9,257.7,22.1,9,10,2025-11-22T06:26:14,2025-11-22T18:06:28,0.07,Partially cloudy,Partly cloudy throughout the day.,partly-cloudy-day,"DNAA,remote"
"ABUJA, NIGERIA",2025-11-23,35,21.9,28.5,36.2,21.9,29.3,19.3,60.7,0,0,0,,0,0,11.9,6.9,69.3,1012.8,49.6,8,259,22.4,9,10,2025-11-23T06:26:39,2025-11-23T18:06:36,0.11,Partially cloudy,Partly cloudy throughout the day.,partly-cloudy-day,"DNAA,remote"
"ABUJA, NIGERIA",2025-11-24,36,21,28,34.7,21,27.5,15,49.9,0,0,0,,0,0,13.6,10.3,148.6,1012.7,53.7,6.9,262,22.6,9,10,2025-11-24T06:27:05,2025-11-24T18:06:45,0.14,Partially cloudy,Partly cloudy throughout the day.,partly-cloudy-day,"DNAA,remote"
"ABUJA, NIGERIA",2025-11-25,38,19.4,28,37.2,19.4,27.6,14.8,50,0,0,0,,0,0,14.5,6.9,155.2,1011.5,0.2,6.6,263.7,22.8,9,10,2025-11-25T06:27:32,2025-11-25T18:06:55,0.18,Clear,Clear conditions throughout the day.,clear-day,"DNAA,remote"
"ABUJA, NIGERIA",2025-11-26,37,20.6,28.4,35,20.6,27.7,13.7,45.8,0,0,0,,0,0,15.9,8.1,160.7,1010.9,3.1,6.4,260.8,22.6,9,10,2025-11-26T06:27:59,2025-11-26T18:07:06,0.21,Clear,Clear conditions throughout the day.,clear-day,"DNAA,remote"
"ABUJA, NIGERIA",2025-11-27,37,22,29,37.4,22,29.4,17,51.6,0,0,0,,0,0,16.6,9.2,248.8,1010.8,5.8,6.1,254.6,21.8,9,10,2025-11-27T06:28:26,2025-11-27T18:07:18,0.24,Clear,Clear conditions throughout the day.,clear-day,"DNAA,remote"
"ABUJA, NIGERIA",2025-11-28,38,23,29.6,38.5,23,30.2,18.5,55.9,0,0,0,,0,0,19.2,6.7,117,1010.7,45.2,8.6,243.9,21,9,10,2025-11-28T06:28:54,2025-11-28T18:07:31,0.25,Partially cloudy,Clearing in the afternoon.,partly-cloudy-day,"DNAA,remote"
"ABUJA, NIGERIA",2025-11-29,37,22,28.6,37.9,22,29.5,19,59.1,0,0,0,,0,0,16.6,8.1,156.8,1009.5,11.9,7.3,248.3,21.5,9,10,2025-11-29T06:29:23,2025-11-29T18:07:45,0.31,Clear,Clear conditions throughout the day.,clear-day,"DNAA,remote"
"ABUJA, NIGERIA",2025-11-30,37,22,29,38,22,29.8,19,58.4,0,0,0,,0,0,15,9.2,273.9,1009.2,41.1,6.9,252.8,21.8,9,10,2025-11-30T06:29:52,2025-11-30T18:07:59,0.35,Partially cloudy,Partly cloudy throughout the day.,partly-cloudy-day,"DNAA,remote"
"ABUJA, NIGERIA",2025-12-01,37,20,28.9,35.8,20,28.5,15.1,49.1,0,0,0,,0,0,17.9,11.4,149.2,1008.7,2.5,8,255.1,22.1,9,10,2025-12-01T06:30:21,2025-12-01T18:08:15,0.38,Clear,Clear conditions throughout the day.,clear-day,"DNAA,remote"
"ABUJA, NIGERIA",2025-12-02,35,22,28.5,38.4,22,29.8,18.8,57.2,0,0,0,,0,0,13.2,6.9,67.4,1008.7,19.7,8.8,239.3,20.7,8,10,2025-12-02T06:30:50,2025-12-02T18:08:32,0.41,Clear,Clear conditions throughout the day.,clear-day,"DNAA,remote"
"ABUJA, NIGERIA",2025-12-03,37,22.9,29.5,36.9,22.9,30.1,18.5,55.2,0,0,0,,0,0,11.2,8.1,226,1009.4,34.3,7.2,244,20.9,8,10,2025-12-03T06:31:20,2025-12-03T18:08:50,0.45,Partially cloudy,Partly cloudy throughout the day.,partly-cloudy-day,"DNAA,remote"
"ABUJA, NIGERIA",2025-12-04,35,24,29,38.4,24,30.4,20.2,60.4,0,0,0,,0,0,14.1,9.2,263.5,1010.6,70.8,8.7,205.9,17.7,7,10,2025-12-04T06:31:50,2025-12-04T18:09:08,0.48,Partially cloudy,Partly cloudy throughout the day.,partly-cloudy-day,"DNAA,remote"
"ABUJA, NIGERIA",2025-12-05,36,24,29.4,39.4,24,31.4,21.3,63.8,0,0,0,,0,0,14.8,8.1,275.5,1011.3,33.6,6.9,216.1,18.7,7,10,2025-12-05T06:32:21,2025-12-05T18:09:27,0.5,Partially cloudy,Partly cloudy throughout the day.,partly-cloudy-day,"DNAA,remote"
"ABUJA, NIGERIA",2025-12-06,36,24,29.6,37.6,24,31.3,20.6,60.8,0,0,0,,0,0,14.5,8.1,142.2,1010.9,60.8,8,221.2,19.1,8,10,2025-12-06T06:32:51,2025-12-06T18:09:48,0.55,Partially cloudy,Partly cloudy throughout the day.,partly-cloudy-day,"DNAA,remote"
"ABUJA, NIGERIA",2025-12-07,36,24,29.3,38.2,24,30.6,20.1,59.9,0,0,0,,0,0,13,8.1,155.8,1011.1,76.9,8,239.7,20.5,9,10,2025-12-07T06:33:22,2025-12-07T18:10:09,0.58,Partially cloudy,Partly cloudy throughout the day.,partly-cloudy-day,"DNAA,remote"
"ABUJA, NIGERIA",2025-12-08,36,23,29.4,36.2,23,29.5,16.9,50.3,0,0,0,,0,0,14.5,8.1,178.6,1012.3,69.1,8.7,249.7,21.6,9,10,2025-12-08T06:33:53,2025-12-08T18:10:31,0.62,Partially cloudy,Partly cloudy throughout the day.,partly-cloudy-day,"DNAA,remote"
"ABUJA, NIGERIA",2025-12-09,35,22,28.3,34.7,22,28.1,14.4,44.2,0,0,0,,0,0,16.1,9.2,9.6,1013.3,35,8.8,251.3,21.6,9,10,2025-12-09T06:34:24,2025-12-09T18:10:53,0.65,Partially cloudy,Partly cloudy throughout the day.,partly-cloudy-day,"DNAA,remote"
"ABUJA, NIGERIA",2025-12-10,34,20,27.2,33.8,20,27.3,16.3,53.2,0,0,0,,0,0,13.2,6.9,175.5,1012.8,78.3,7.1,238.7,20.6,8,10,2025-12-10T06:34:55,2025-12-10T18:11:16,0.68,Partially cloudy,Partly cloudy throughout the day.,partly-cloudy-day,"DNAA,remote"
"ABUJA, NIGERIA",2025-12-11,35,22,28,35.6,22,27.8,16.2,52.9,0,0,0,,0,0,7.2,6.9,155,1012.5,55,3.6,233,20.2,8,10,2025-12-11T06:35:26,2025-12-11T18:11:40,0.75,Partially cloudy,Clearing in the afternoon.,partly-cloudy-day,"DNAA,remote"
"ABUJA, NIGERIA",2025-12-12,33.7,23,28.3,31.8,23,27.8,13.7,45.6,0,0,0,,0,0,6.9,6.9,136.5,1010.9,38.6,9.4,240.1,20.8,9,10,2025-12-12T06:35:58,2025-12-12T18:12:05,0.75,Partially cloudy,Clearing in the afternoon.,partly-cloudy-day,"DNAA,remote"
"ABUJA, NIGERIA",2025-12-13,37,23,29.4,38.5,23,29.5,15.8,47.3,0,0,0,,0,0,9.6,10.3,165.2,1010.7,17.5,5.7,240.6,20.8,8,10,2025-12-13T06:36:29,2025-12-13T18:12:31,0.78,Clear,Clear conditions throughout the day.,clear-day,"DNAA,remote"
"ABUJA, NIGERIA",2025-12-14,38,21,29.1,37.6,21,29,13.6,41.1,0,0,0,,0,0,16.3,12.8,154.8,1010.6,11.5,7.9,240.9,20.9,9,10,2025-12-14T06:37:00,2025-12-14T18:12:57,0.81,Clear,Clear conditions throughout the day.,clear-day,"DNAA,remote"
"ABUJA, NIGERIA",2025-12-15,37,20,28.3,36.5,20,27.7,12.3,42.4,0,0,0,,0,0,10.5,10.3,140.9,1010.9,34.1,8.4,241.3,20.8,9,10,2025-12-15T06:37:31,2025-12-15T18:13:23,0.85,Partially cloudy,Partly cloudy throughout the day.,partly-cloudy-day,"DNAA,remote"
"ABUJA, NIGERIA",2025-12-16,37,20,28.5,36.1,20,27.9,11.5,36.9,0,0,0,,0,0,14.5,10.3,122.4,1011.4,13.6,6.1,245.2,21.1,9,10,2025-12-16T06:38:02,2025-12-16T18:13:50,0.88,Clear,Clear conditions throughout the day.,clear-day,"DNAA,remote"
